2025/01/27 22:21:34 [notice] 1#1: using the "epoll" event method
2025/01/27 22:21:34 [notice] 1#1: nginx/1.26.2
2025/01/27 22:21:34 [notice] 1#1: built by gcc 13.2.1 20240309 (Alpine 13.2.1_git20240309) 
2025/01/27 22:21:34 [notice] 1#1: OS: Linux 6.9.3-76060903-generic
2025/01/27 22:21:34 [notice] 1#1: getrlimit(RLIMIT_NOFILE): 1048576:1048576
2025/01/27 22:21:34 [notice] 1#1: start worker processes
2025/01/27 22:21:34 [notice] 1#1: start worker process 20
2025/01/27 22:21:34 [notice] 1#1: start worker process 21
2025/01/27 22:21:34 [notice] 1#1: start worker process 22
2025/01/27 22:21:34 [notice] 1#1: start worker process 23
2025/01/27 22:21:34 [notice] 1#1: start worker process 24
2025/01/27 22:21:34 [notice] 1#1: start worker process 25
2025/01/27 22:21:34 [notice] 1#1: start worker process 26
2025/01/27 22:21:34 [notice] 1#1: start worker process 27
2025/01/27 22:21:34 [notice] 1#1: start worker process 28
2025/01/27 22:21:34 [notice] 1#1: start worker process 29
2025/01/27 22:21:34 [notice] 1#1: start worker process 30
2025/01/27 22:21:34 [notice] 1#1: start worker process 31
2025/01/27 22:44:06 [notice] 1#1: signal 3 (SIGQUIT) received, shutting down
2025/01/27 22:44:06 [notice] 20#20: gracefully shutting down
2025/01/27 22:44:06 [notice] 21#21: gracefully shutting down
2025/01/27 22:44:06 [notice] 22#22: gracefully shutting down
2025/01/27 22:44:06 [notice] 23#23: gracefully shutting down
2025/01/27 22:44:06 [notice] 24#24: gracefully shutting down
2025/01/27 22:44:06 [notice] 25#25: gracefully shutting down
2025/01/27 22:44:06 [notice] 20#20: exiting
2025/01/27 22:44:06 [notice] 21#21: exiting
2025/01/27 22:44:06 [notice] 22#22: exiting
2025/01/27 22:44:06 [notice] 26#26: gracefully shutting down
2025/01/27 22:44:06 [notice] 23#23: exiting
2025/01/27 22:44:06 [notice] 28#28: gracefully shutting down
2025/01/27 22:44:06 [notice] 24#24: exiting
2025/01/27 22:44:06 [notice] 31#31: gracefully shutting down
2025/01/27 22:44:06 [notice] 25#25: exiting
2025/01/27 22:44:06 [notice] 26#26: exiting
2025/01/27 22:44:06 [notice] 28#28: exiting
2025/01/27 22:44:06 [notice] 31#31: exiting
2025/01/27 22:44:06 [notice] 27#27: gracefully shutting down
2025/01/27 22:44:06 [notice] 27#27: exiting
2025/01/27 22:44:06 [notice] 29#29: gracefully shutting down
2025/01/27 22:44:06 [notice] 21#21: exit
2025/01/27 22:44:06 [notice] 20#20: exit
2025/01/27 22:44:06 [notice] 29#29: exiting
2025/01/27 22:44:06 [notice] 22#22: exit
2025/01/27 22:44:06 [notice] 23#23: exit
2025/01/27 22:44:06 [notice] 24#24: exit
2025/01/27 22:44:06 [notice] 28#28: exit
2025/01/27 22:44:06 [notice] 25#25: exit
2025/01/27 22:44:06 [notice] 26#26: exit
2025/01/27 22:44:06 [notice] 31#31: exit
2025/01/27 22:44:06 [notice] 27#27: exit
2025/01/27 22:44:06 [notice] 29#29: exit
2025/01/27 22:44:06 [notice] 30#30: gracefully shutting down
2025/01/27 22:44:06 [notice] 30#30: exiting
2025/01/27 22:44:06 [notice] 30#30: exit
2025/01/27 22:44:06 [notice] 1#1: signal 17 (SIGCHLD) received from 25
2025/01/27 22:44:06 [notice] 1#1: worker process 25 exited with code 0
2025/01/27 22:44:06 [notice] 1#1: worker process 20 exited with code 0
2025/01/27 22:44:06 [notice] 1#1: worker process 31 exited with code 0
2025/01/27 22:44:06 [notice] 1#1: signal 29 (SIGIO) received
2025/01/27 22:44:06 [notice] 1#1: signal 17 (SIGCHLD) received from 31
2025/01/27 22:44:06 [notice] 1#1: signal 17 (SIGCHLD) received from 23
2025/01/27 22:44:06 [notice] 1#1: worker process 23 exited with code 0
2025/01/27 22:44:06 [notice] 1#1: worker process 27 exited with code 0
2025/01/27 22:44:06 [notice] 1#1: worker process 29 exited with code 0
2025/01/27 22:44:06 [notice] 1#1: signal 29 (SIGIO) received
2025/01/27 22:44:06 [notice] 1#1: signal 17 (SIGCHLD) received from 29
2025/01/27 22:44:06 [notice] 1#1: signal 17 (SIGCHLD) received from 28
2025/01/27 22:44:06 [notice] 1#1: worker process 28 exited with code 0
2025/01/27 22:44:06 [notice] 1#1: worker process 30 exited with code 0
2025/01/27 22:44:06 [notice] 1#1: signal 29 (SIGIO) received
2025/01/27 22:44:06 [notice] 1#1: signal 17 (SIGCHLD) received from 24
2025/01/27 22:44:06 [notice] 1#1: worker process 22 exited with code 0
2025/01/27 22:44:06 [notice] 1#1: worker process 24 exited with code 0
2025/01/27 22:44:06 [notice] 1#1: signal 29 (SIGIO) received
2025/01/27 22:44:06 [notice] 1#1: signal 17 (SIGCHLD) received from 21
2025/01/27 22:44:06 [notice] 1#1: worker process 21 exited with code 0
2025/01/27 22:44:06 [notice] 1#1: signal 29 (SIGIO) received
2025/01/27 22:44:06 [notice] 1#1: signal 17 (SIGCHLD) received from 26
2025/01/27 22:44:06 [notice] 1#1: worker process 26 exited with code 0
2025/01/27 22:44:06 [notice] 1#1: exit
2025/01/27 22:52:27 [notice] 1#1: using the "epoll" event method
2025/01/27 22:52:27 [notice] 1#1: nginx/1.26.2
2025/01/27 22:52:27 [notice] 1#1: built by gcc 13.2.1 20240309 (Alpine 13.2.1_git20240309) 
2025/01/27 22:52:27 [notice] 1#1: OS: Linux 6.9.3-76060903-generic
2025/01/27 22:52:27 [notice] 1#1: getrlimit(RLIMIT_NOFILE): 1048576:1048576
2025/01/27 22:52:27 [notice] 1#1: start worker processes
2025/01/27 22:52:27 [notice] 1#1: start worker process 20
2025/01/27 22:52:27 [notice] 1#1: start worker process 21
2025/01/27 22:52:27 [notice] 1#1: start worker process 22
2025/01/27 22:52:27 [notice] 1#1: start worker process 23
2025/01/27 22:52:27 [notice] 1#1: start worker process 24
2025/01/27 22:52:27 [notice] 1#1: start worker process 25
2025/01/27 22:52:27 [notice] 1#1: start worker process 26
2025/01/27 22:52:27 [notice] 1#1: start worker process 27
2025/01/27 22:52:27 [notice] 1#1: start worker process 28
2025/01/27 22:52:27 [notice] 1#1: start worker process 29
2025/01/27 22:52:27 [notice] 1#1: start worker process 30
2025/01/27 22:52:27 [notice] 1#1: start worker process 31
2025/01/27 22:53:19 [notice] 1#1: signal 3 (SIGQUIT) received, shutting down
2025/01/27 22:53:19 [notice] 21#21: gracefully shutting down
2025/01/27 22:53:19 [notice] 20#20: gracefully shutting down
2025/01/27 22:53:19 [notice] 22#22: gracefully shutting down
2025/01/27 22:53:19 [notice] 23#23: gracefully shutting down
2025/01/27 22:53:19 [notice] 24#24: gracefully shutting down
2025/01/27 22:53:19 [notice] 25#25: gracefully shutting down
2025/01/27 22:53:19 [notice] 21#21: exiting
2025/01/27 22:53:19 [notice] 20#20: exiting
2025/01/27 22:53:19 [notice] 22#22: exiting
2025/01/27 22:53:19 [notice] 29#29: gracefully shutting down
2025/01/27 22:53:19 [notice] 23#23: exiting
2025/01/27 22:53:19 [notice] 24#24: exiting
2025/01/27 22:53:19 [notice] 26#26: gracefully shutting down
2025/01/27 22:53:19 [notice] 25#25: exiting
2025/01/27 22:53:19 [notice] 29#29: exiting
2025/01/27 22:53:19 [notice] 26#26: exiting
2025/01/27 22:53:19 [notice] 27#27: gracefully shutting down
2025/01/27 22:53:19 [notice] 27#27: exiting
2025/01/27 22:53:19 [notice] 21#21: exit
2025/01/27 22:53:19 [notice] 22#22: exit
2025/01/27 22:53:19 [notice] 24#24: exit
2025/01/27 22:53:19 [notice] 23#23: exit
2025/01/27 22:53:19 [notice] 25#25: exit
2025/01/27 22:53:19 [notice] 29#29: exit
2025/01/27 22:53:19 [notice] 20#20: exit
2025/01/27 22:53:19 [notice] 26#26: exit
2025/01/27 22:53:19 [notice] 27#27: exit
2025/01/27 22:53:19 [notice] 28#28: gracefully shutting down
2025/01/27 22:53:19 [notice] 28#28: exiting
2025/01/27 22:53:19 [notice] 28#28: exit
2025/01/27 22:53:19 [notice] 30#30: gracefully shutting down
2025/01/27 22:53:19 [notice] 30#30: exiting
2025/01/27 22:53:19 [notice] 30#30: exit
2025/01/27 22:53:19 [notice] 31#31: gracefully shutting down
2025/01/27 22:53:19 [notice] 31#31: exiting
2025/01/27 22:53:19 [notice] 31#31: exit
2025/01/27 22:53:19 [notice] 1#1: signal 17 (SIGCHLD) received from 23
2025/01/27 22:53:19 [notice] 1#1: worker process 23 exited with code 0
2025/01/27 22:53:19 [notice] 1#1: worker process 26 exited with code 0
2025/01/27 22:53:19 [notice] 1#1: signal 29 (SIGIO) received
2025/01/27 22:53:19 [notice] 1#1: signal 17 (SIGCHLD) received from 30
2025/01/27 22:53:19 [notice] 1#1: worker process 22 exited with code 0
2025/01/27 22:53:19 [notice] 1#1: worker process 24 exited with code 0
2025/01/27 22:53:19 [notice] 1#1: worker process 25 exited with code 0
2025/01/27 22:53:19 [notice] 1#1: worker process 28 exited with code 0
2025/01/27 22:53:19 [notice] 1#1: worker process 29 exited with code 0
2025/01/27 22:53:19 [notice] 1#1: worker process 30 exited with code 0
2025/01/27 22:53:19 [notice] 1#1: signal 29 (SIGIO) received
2025/01/27 22:53:19 [notice] 1#1: signal 17 (SIGCHLD) received from 24
2025/01/27 22:53:19 [notice] 1#1: signal 17 (SIGCHLD) received from 21
2025/01/27 22:53:19 [notice] 1#1: worker process 20 exited with code 0
2025/01/27 22:53:19 [notice] 1#1: worker process 21 exited with code 0
2025/01/27 22:53:19 [notice] 1#1: signal 29 (SIGIO) received
2025/01/27 22:53:19 [notice] 1#1: signal 17 (SIGCHLD) received from 20
2025/01/27 22:53:19 [notice] 1#1: signal 17 (SIGCHLD) received from 27
2025/01/27 22:53:19 [notice] 1#1: worker process 27 exited with code 0
2025/01/27 22:53:19 [notice] 1#1: signal 29 (SIGIO) received
2025/01/27 22:53:19 [notice] 1#1: signal 17 (SIGCHLD) received from 31
2025/01/27 22:53:19 [notice] 1#1: worker process 31 exited with code 0
2025/01/27 22:53:19 [notice] 1#1: exit
2025/01/27 23:12:14 [notice] 1#1: using the "epoll" event method
2025/01/27 23:12:14 [notice] 1#1: nginx/1.26.2
2025/01/27 23:12:14 [notice] 1#1: built by gcc 13.2.1 20240309 (Alpine 13.2.1_git20240309) 
2025/01/27 23:12:14 [notice] 1#1: OS: Linux 6.9.3-76060903-generic
2025/01/27 23:12:14 [notice] 1#1: getrlimit(RLIMIT_NOFILE): 1048576:1048576
2025/01/27 23:12:14 [notice] 1#1: start worker processes
2025/01/27 23:12:14 [notice] 1#1: start worker process 20
2025/01/27 23:12:14 [notice] 1#1: start worker process 21
2025/01/27 23:12:14 [notice] 1#1: start worker process 22
2025/01/27 23:12:14 [notice] 1#1: start worker process 23
2025/01/27 23:12:14 [notice] 1#1: start worker process 24
2025/01/27 23:12:14 [notice] 1#1: start worker process 25
2025/01/27 23:12:14 [notice] 1#1: start worker process 26
2025/01/27 23:12:14 [notice] 1#1: start worker process 27
2025/01/27 23:12:14 [notice] 1#1: start worker process 28
2025/01/27 23:12:14 [notice] 1#1: start worker process 29
2025/01/27 23:12:14 [notice] 1#1: start worker process 30
2025/01/27 23:12:14 [notice] 1#1: start worker process 31
2025/01/27 23:19:11 [notice] 1#1: signal 3 (SIGQUIT) received, shutting down
2025/01/27 23:19:11 [notice] 20#20: gracefully shutting down
2025/01/27 23:19:11 [notice] 21#21: gracefully shutting down
2025/01/27 23:19:11 [notice] 23#23: gracefully shutting down
2025/01/27 23:19:11 [notice] 22#22: gracefully shutting down
2025/01/27 23:19:11 [notice] 24#24: gracefully shutting down
2025/01/27 23:19:11 [notice] 25#25: gracefully shutting down
2025/01/27 23:19:11 [notice] 20#20: exiting
2025/01/27 23:19:11 [notice] 28#28: gracefully shutting down
2025/01/27 23:19:11 [notice] 21#21: exiting
2025/01/27 23:19:11 [notice] 27#27: gracefully shutting down
2025/01/27 23:19:11 [notice] 23#23: exiting
2025/01/27 23:19:11 [notice] 22#22: exiting
2025/01/27 23:19:11 [notice] 24#24: exiting
2025/01/27 23:19:11 [notice] 25#25: exiting
2025/01/27 23:19:11 [notice] 28#28: exiting
2025/01/27 23:19:11 [notice] 27#27: exiting
2025/01/27 23:19:11 [notice] 26#26: gracefully shutting down
2025/01/27 23:19:11 [notice] 30#30: gracefully shutting down
2025/01/27 23:19:11 [notice] 26#26: exiting
2025/01/27 23:19:11 [notice] 30#30: exiting
2025/01/27 23:19:11 [notice] 23#23: exit
2025/01/27 23:19:11 [notice] 20#20: exit
2025/01/27 23:19:11 [notice] 21#21: exit
2025/01/27 23:19:11 [notice] 22#22: exit
2025/01/27 23:19:11 [notice] 24#24: exit
2025/01/27 23:19:11 [notice] 27#27: exit
2025/01/27 23:19:11 [notice] 25#25: exit
2025/01/27 23:19:11 [notice] 28#28: exit
2025/01/27 23:19:11 [notice] 26#26: exit
2025/01/27 23:19:11 [notice] 30#30: exit
2025/01/27 23:19:11 [notice] 29#29: gracefully shutting down
2025/01/27 23:19:11 [notice] 29#29: exiting
2025/01/27 23:19:11 [notice] 29#29: exit
2025/01/27 23:19:11 [notice] 31#31: gracefully shutting down
2025/01/27 23:19:11 [notice] 31#31: exiting
2025/01/27 23:19:11 [notice] 31#31: exit
2025/01/27 23:19:11 [notice] 1#1: signal 17 (SIGCHLD) received from 24
2025/01/27 23:19:11 [notice] 1#1: worker process 24 exited with code 0
2025/01/27 23:19:11 [notice] 1#1: signal 29 (SIGIO) received
2025/01/27 23:19:11 [notice] 1#1: signal 17 (SIGCHLD) received from 22
2025/01/27 23:19:11 [notice] 1#1: worker process 22 exited with code 0
2025/01/27 23:19:11 [notice] 1#1: worker process 23 exited with code 0
2025/01/27 23:19:11 [notice] 1#1: worker process 29 exited with code 0
2025/01/27 23:19:11 [notice] 1#1: signal 29 (SIGIO) received
2025/01/27 23:19:11 [notice] 1#1: signal 17 (SIGCHLD) received from 27
2025/01/27 23:19:11 [notice] 1#1: worker process 27 exited with code 0
2025/01/27 23:19:11 [notice] 1#1: worker process 30 exited with code 0
2025/01/27 23:19:11 [notice] 1#1: signal 29 (SIGIO) received
2025/01/27 23:19:11 [notice] 1#1: signal 17 (SIGCHLD) received from 30
2025/01/27 23:19:11 [notice] 1#1: signal 17 (SIGCHLD) received from 28
2025/01/27 23:19:11 [notice] 1#1: worker process 28 exited with code 0
2025/01/27 23:19:11 [notice] 1#1: signal 29 (SIGIO) received
2025/01/27 23:19:11 [notice] 1#1: signal 17 (SIGCHLD) received from 26
2025/01/27 23:19:11 [notice] 1#1: worker process 26 exited with code 0
2025/01/27 23:19:11 [notice] 1#1: signal 29 (SIGIO) received
2025/01/27 23:19:11 [notice] 1#1: signal 17 (SIGCHLD) received from 31
2025/01/27 23:19:11 [notice] 1#1: worker process 31 exited with code 0
2025/01/27 23:19:11 [notice] 1#1: signal 29 (SIGIO) received
2025/01/27 23:19:11 [notice] 1#1: signal 17 (SIGCHLD) received from 25
2025/01/27 23:19:11 [notice] 1#1: worker process 25 exited with code 0
2025/01/27 23:19:11 [notice] 1#1: signal 29 (SIGIO) received
2025/01/27 23:19:11 [notice] 1#1: signal 17 (SIGCHLD) received from 20
2025/01/27 23:19:11 [notice] 1#1: worker process 20 exited with code 0
2025/01/27 23:19:11 [notice] 1#1: signal 29 (SIGIO) received
2025/01/27 23:19:11 [notice] 1#1: signal 17 (SIGCHLD) received from 21
2025/01/27 23:19:11 [notice] 1#1: worker process 21 exited with code 0
2025/01/27 23:19:11 [notice] 1#1: exit
2025/01/27 23:20:15 [notice] 1#1: using the "epoll" event method
2025/01/27 23:20:15 [notice] 1#1: nginx/1.26.2
2025/01/27 23:20:15 [notice] 1#1: built by gcc 13.2.1 20240309 (Alpine 13.2.1_git20240309) 
2025/01/27 23:20:15 [notice] 1#1: OS: Linux 6.9.3-76060903-generic
2025/01/27 23:20:15 [notice] 1#1: getrlimit(RLIMIT_NOFILE): 1048576:1048576
2025/01/27 23:20:15 [notice] 1#1: start worker processes
2025/01/27 23:20:15 [notice] 1#1: start worker process 20
2025/01/27 23:20:15 [notice] 1#1: start worker process 21
2025/01/27 23:20:15 [notice] 1#1: start worker process 22
2025/01/27 23:20:15 [notice] 1#1: start worker process 23
2025/01/27 23:20:15 [notice] 1#1: start worker process 24
2025/01/27 23:20:15 [notice] 1#1: start worker process 25
2025/01/27 23:20:15 [notice] 1#1: start worker process 26
2025/01/27 23:20:15 [notice] 1#1: start worker process 27
2025/01/27 23:20:15 [notice] 1#1: start worker process 28
2025/01/27 23:20:15 [notice] 1#1: start worker process 29
2025/01/27 23:20:15 [notice] 1#1: start worker process 30
2025/01/27 23:20:15 [notice] 1#1: start worker process 31
2025/01/28 01:02:06 [notice] 1#1: signal 3 (SIGQUIT) received, shutting down
2025/01/28 01:02:06 [notice] 22#22: gracefully shutting down
2025/01/28 01:02:06 [notice] 25#25: gracefully shutting down
2025/01/28 01:02:06 [notice] 23#23: gracefully shutting down
2025/01/28 01:02:06 [notice] 30#30: gracefully shutting down
2025/01/28 01:02:06 [notice] 22#22: exiting
2025/01/28 01:02:06 [notice] 25#25: exiting
2025/01/28 01:02:06 [notice] 31#31: gracefully shutting down
2025/01/28 01:02:06 [notice] 23#23: exiting
2025/01/28 01:02:06 [notice] 30#30: exiting
2025/01/28 01:02:06 [notice] 31#31: exiting
2025/01/28 01:02:06 [notice] 20#20: gracefully shutting down
2025/01/28 01:02:06 [notice] 20#20: exiting
2025/01/28 01:02:06 [notice] 21#21: gracefully shutting down
2025/01/28 01:02:06 [notice] 26#26: gracefully shutting down
2025/01/28 01:02:06 [notice] 21#21: exiting
2025/01/28 01:02:06 [notice] 26#26: exiting
2025/01/28 01:02:06 [notice] 23#23: exit
2025/01/28 01:02:06 [notice] 25#25: exit
2025/01/28 01:02:06 [notice] 22#22: exit
2025/01/28 01:02:06 [notice] 30#30: exit
2025/01/28 01:02:06 [notice] 31#31: exit
2025/01/28 01:02:06 [notice] 20#20: exit
2025/01/28 01:02:06 [notice] 21#21: exit
2025/01/28 01:02:06 [notice] 26#26: exit
2025/01/28 01:02:06 [notice] 24#24: gracefully shutting down
2025/01/28 01:02:06 [notice] 24#24: exiting
2025/01/28 01:02:06 [notice] 27#27: gracefully shutting down
2025/01/28 01:02:06 [notice] 27#27: exiting
2025/01/28 01:02:06 [notice] 29#29: gracefully shutting down
2025/01/28 01:02:06 [notice] 29#29: exiting
2025/01/28 01:02:06 [notice] 24#24: exit
2025/01/28 01:02:06 [notice] 27#27: exit
2025/01/28 01:02:06 [notice] 29#29: exit
2025/01/28 01:02:06 [notice] 28#28: gracefully shutting down
2025/01/28 01:02:06 [notice] 28#28: exiting
2025/01/28 01:02:06 [notice] 28#28: exit
2025/01/28 01:02:06 [notice] 1#1: signal 17 (SIGCHLD) received from 28
2025/01/28 01:02:06 [notice] 1#1: worker process 22 exited with code 0
2025/01/28 01:02:06 [notice] 1#1: worker process 28 exited with code 0
2025/01/28 01:02:06 [notice] 1#1: signal 29 (SIGIO) received
2025/01/28 01:02:06 [notice] 1#1: signal 17 (SIGCHLD) received from 29
2025/01/28 01:02:06 [notice] 1#1: worker process 29 exited with code 0
2025/01/28 01:02:06 [notice] 1#1: signal 29 (SIGIO) received
2025/01/28 01:02:06 [notice] 1#1: signal 17 (SIGCHLD) received from 24
2025/01/28 01:02:06 [notice] 1#1: worker process 23 exited with code 0
2025/01/28 01:02:06 [notice] 1#1: worker process 24 exited with code 0
2025/01/28 01:02:06 [notice] 1#1: worker process 20 exited with code 0
2025/01/28 01:02:06 [notice] 1#1: signal 29 (SIGIO) received
2025/01/28 01:02:06 [notice] 1#1: signal 17 (SIGCHLD) received from 20
2025/01/28 01:02:06 [notice] 1#1: signal 17 (SIGCHLD) received from 30
2025/01/28 01:02:06 [notice] 1#1: worker process 30 exited with code 0
2025/01/28 01:02:06 [notice] 1#1: signal 29 (SIGIO) received
2025/01/28 01:02:06 [notice] 1#1: signal 17 (SIGCHLD) received from 27
2025/01/28 01:02:06 [notice] 1#1: worker process 27 exited with code 0
2025/01/28 01:02:06 [notice] 1#1: signal 29 (SIGIO) received
2025/01/28 01:02:06 [notice] 1#1: signal 17 (SIGCHLD) received from 31
2025/01/28 01:02:06 [notice] 1#1: worker process 31 exited with code 0
2025/01/28 01:02:06 [notice] 1#1: signal 29 (SIGIO) received
2025/01/28 01:02:06 [notice] 1#1: signal 17 (SIGCHLD) received from 26
2025/01/28 01:02:06 [notice] 1#1: worker process 26 exited with code 0
2025/01/28 01:02:06 [notice] 1#1: worker process 21 exited with code 0
2025/01/28 01:02:06 [notice] 1#1: signal 29 (SIGIO) received
2025/01/28 01:02:06 [notice] 1#1: signal 17 (SIGCHLD) received from 21
2025/01/28 01:02:06 [notice] 1#1: signal 17 (SIGCHLD) received from 25
2025/01/28 01:02:06 [notice] 1#1: worker process 25 exited with code 0
2025/01/28 01:02:06 [notice] 1#1: exit
2025/01/28 01:02:12 [notice] 1#1: using the "epoll" event method
2025/01/28 01:02:12 [notice] 1#1: nginx/1.26.2
2025/01/28 01:02:12 [notice] 1#1: built by gcc 13.2.1 20240309 (Alpine 13.2.1_git20240309) 
2025/01/28 01:02:12 [notice] 1#1: OS: Linux 6.9.3-76060903-generic
2025/01/28 01:02:12 [notice] 1#1: getrlimit(RLIMIT_NOFILE): 1048576:1048576
2025/01/28 01:02:12 [notice] 1#1: start worker processes
2025/01/28 01:02:12 [notice] 1#1: start worker process 20
2025/01/28 01:02:12 [notice] 1#1: start worker process 21
2025/01/28 01:02:12 [notice] 1#1: start worker process 22
2025/01/28 01:02:12 [notice] 1#1: start worker process 23
2025/01/28 01:02:12 [notice] 1#1: start worker process 24
2025/01/28 01:02:12 [notice] 1#1: start worker process 25
2025/01/28 01:02:12 [notice] 1#1: start worker process 26
2025/01/28 01:02:12 [notice] 1#1: start worker process 27
2025/01/28 01:02:12 [notice] 1#1: start worker process 28
2025/01/28 01:02:12 [notice] 1#1: start worker process 29
2025/01/28 01:02:12 [notice] 1#1: start worker process 30
2025/01/28 01:02:12 [notice] 1#1: start worker process 31
2025/01/28 01:31:53 [notice] 1#1: signal 3 (SIGQUIT) received, shutting down
2025/01/28 01:31:53 [notice] 20#20: gracefully shutting down
2025/01/28 01:31:53 [notice] 21#21: gracefully shutting down
2025/01/28 01:31:53 [notice] 22#22: gracefully shutting down
2025/01/28 01:31:53 [notice] 23#23: gracefully shutting down
2025/01/28 01:31:53 [notice] 26#26: gracefully shutting down
2025/01/28 01:31:53 [notice] 20#20: exiting
2025/01/28 01:31:53 [notice] 24#24: gracefully shutting down
2025/01/28 01:31:53 [notice] 27#27: gracefully shutting down
2025/01/28 01:31:53 [notice] 21#21: exiting
2025/01/28 01:31:53 [notice] 22#22: exiting
2025/01/28 01:31:53 [notice] 23#23: exiting
2025/01/28 01:31:53 [notice] 30#30: gracefully shutting down
2025/01/28 01:31:53 [notice] 26#26: exiting
2025/01/28 01:31:53 [notice] 31#31: gracefully shutting down
2025/01/28 01:31:53 [notice] 24#24: exiting
2025/01/28 01:31:53 [notice] 27#27: exiting
2025/01/28 01:31:53 [notice] 30#30: exiting
2025/01/28 01:31:53 [notice] 31#31: exiting
2025/01/28 01:31:53 [notice] 25#25: gracefully shutting down
2025/01/28 01:31:53 [notice] 25#25: exiting
2025/01/28 01:31:53 [notice] 23#23: exit
2025/01/28 01:31:53 [notice] 26#26: exit
2025/01/28 01:31:53 [notice] 20#20: exit
2025/01/28 01:31:53 [notice] 22#22: exit
2025/01/28 01:31:53 [notice] 27#27: exit
2025/01/28 01:31:53 [notice] 21#21: exit
2025/01/28 01:31:53 [notice] 31#31: exit
2025/01/28 01:31:53 [notice] 30#30: exit
2025/01/28 01:31:53 [notice] 24#24: exit
2025/01/28 01:31:53 [notice] 25#25: exit
2025/01/28 01:31:53 [notice] 28#28: gracefully shutting down
2025/01/28 01:31:53 [notice] 28#28: exiting
2025/01/28 01:31:53 [notice] 28#28: exit
2025/01/28 01:31:53 [notice] 29#29: gracefully shutting down
2025/01/28 01:31:53 [notice] 29#29: exiting
2025/01/28 01:31:53 [notice] 29#29: exit
2025/01/28 01:31:53 [notice] 1#1: signal 17 (SIGCHLD) received from 22
2025/01/28 01:31:53 [notice] 1#1: worker process 22 exited with code 0
2025/01/28 01:31:53 [notice] 1#1: signal 29 (SIGIO) received
2025/01/28 01:31:53 [notice] 1#1: signal 17 (SIGCHLD) received from 26
2025/01/28 01:31:53 [notice] 1#1: worker process 26 exited with code 0
2025/01/28 01:31:53 [notice] 1#1: signal 29 (SIGIO) received
2025/01/28 01:31:53 [notice] 1#1: signal 17 (SIGCHLD) received from 23
2025/01/28 01:31:53 [notice] 1#1: worker process 23 exited with code 0
2025/01/28 01:31:53 [notice] 1#1: worker process 21 exited with code 0
2025/01/28 01:31:53 [notice] 1#1: worker process 24 exited with code 0
2025/01/28 01:31:53 [notice] 1#1: signal 29 (SIGIO) received
2025/01/28 01:31:53 [notice] 1#1: signal 17 (SIGCHLD) received from 24
2025/01/28 01:31:53 [notice] 1#1: signal 17 (SIGCHLD) received from 28
2025/01/28 01:31:53 [notice] 1#1: worker process 28 exited with code 0
2025/01/28 01:31:53 [notice] 1#1: signal 29 (SIGIO) received
2025/01/28 01:31:53 [notice] 1#1: signal 17 (SIGCHLD) received from 30
2025/01/28 01:31:53 [notice] 1#1: worker process 30 exited with code 0
2025/01/28 01:31:53 [notice] 1#1: worker process 27 exited with code 0
2025/01/28 01:31:53 [notice] 1#1: signal 29 (SIGIO) received
2025/01/28 01:31:53 [notice] 1#1: signal 17 (SIGCHLD) received from 27
2025/01/28 01:31:53 [notice] 1#1: signal 17 (SIGCHLD) received from 25
2025/01/28 01:31:53 [notice] 1#1: worker process 25 exited with code 0
2025/01/28 01:31:53 [notice] 1#1: signal 29 (SIGIO) received
2025/01/28 01:31:53 [notice] 1#1: signal 17 (SIGCHLD) received from 31
2025/01/28 01:31:53 [notice] 1#1: worker process 29 exited with code 0
2025/01/28 01:31:53 [notice] 1#1: worker process 31 exited with code 0
2025/01/28 01:31:53 [notice] 1#1: signal 29 (SIGIO) received
2025/01/28 01:31:53 [notice] 1#1: signal 17 (SIGCHLD) received from 29
2025/01/28 01:31:53 [notice] 1#1: signal 17 (SIGCHLD) received from 20
2025/01/28 01:31:53 [notice] 1#1: worker process 20 exited with code 0
2025/01/28 01:31:53 [notice] 1#1: exit
2025/01/29 09:12:32 [notice] 1#1: using the "epoll" event method
2025/01/29 09:12:32 [notice] 1#1: nginx/1.26.2
2025/01/29 09:12:32 [notice] 1#1: built by gcc 13.2.1 20240309 (Alpine 13.2.1_git20240309) 
2025/01/29 09:12:32 [notice] 1#1: OS: Linux 6.9.3-76060903-generic
2025/01/29 09:12:32 [notice] 1#1: getrlimit(RLIMIT_NOFILE): 1048576:1048576
2025/01/29 09:12:32 [notice] 1#1: start worker processes
2025/01/29 09:12:32 [notice] 1#1: start worker process 20
2025/01/29 09:12:32 [notice] 1#1: start worker process 21
2025/01/29 09:12:32 [notice] 1#1: start worker process 22
2025/01/29 09:12:32 [notice] 1#1: start worker process 23
2025/01/29 09:12:32 [notice] 1#1: start worker process 24
2025/01/29 09:12:32 [notice] 1#1: start worker process 25
2025/01/29 09:12:32 [notice] 1#1: start worker process 26
2025/01/29 09:12:32 [notice] 1#1: start worker process 27
2025/01/29 09:12:32 [notice] 1#1: start worker process 28
2025/01/29 09:12:32 [notice] 1#1: start worker process 29
2025/01/29 09:12:32 [notice] 1#1: start worker process 30
2025/01/29 09:12:32 [notice] 1#1: start worker process 31
2025/01/29 14:44:33 [notice] 1#1: signal 3 (SIGQUIT) received, shutting down
2025/01/29 14:44:33 [notice] 21#21: gracefully shutting down
2025/01/29 14:44:33 [notice] 22#22: gracefully shutting down
2025/01/29 14:44:33 [notice] 23#23: gracefully shutting down
2025/01/29 14:44:33 [notice] 20#20: gracefully shutting down
2025/01/29 14:44:33 [notice] 24#24: gracefully shutting down
2025/01/29 14:44:33 [notice] 25#25: gracefully shutting down
2025/01/29 14:44:33 [notice] 26#26: gracefully shutting down
2025/01/29 14:44:33 [notice] 27#27: gracefully shutting down
2025/01/29 14:44:33 [notice] 21#21: exiting
2025/01/29 14:44:33 [notice] 22#22: exiting
2025/01/29 14:44:33 [notice] 28#28: gracefully shutting down
2025/01/29 14:44:33 [notice] 31#31: gracefully shutting down
2025/01/29 14:44:33 [notice] 20#20: exiting
2025/01/29 14:44:33 [notice] 24#24: exiting
2025/01/29 14:44:33 [notice] 25#25: exiting
2025/01/29 14:44:33 [notice] 26#26: exiting
2025/01/29 14:44:33 [notice] 23#23: exiting
2025/01/29 14:44:33 [notice] 27#27: exiting
2025/01/29 14:44:33 [notice] 29#29: gracefully shutting down
2025/01/29 14:44:33 [notice] 28#28: exiting
2025/01/29 14:44:33 [notice] 31#31: exiting
2025/01/29 14:44:33 [notice] 29#29: exiting
2025/01/29 14:44:33 [notice] 22#22: exit
2025/01/29 14:44:33 [notice] 21#21: exit
2025/01/29 14:44:33 [notice] 20#20: exit
2025/01/29 14:44:33 [notice] 24#24: exit
2025/01/29 14:44:33 [notice] 25#25: exit
2025/01/29 14:44:33 [notice] 23#23: exit
2025/01/29 14:44:33 [notice] 26#26: exit
2025/01/29 14:44:33 [notice] 27#27: exit
2025/01/29 14:44:33 [notice] 31#31: exit
2025/01/29 14:44:33 [notice] 29#29: exit
2025/01/29 14:44:33 [notice] 28#28: exit
2025/01/29 14:44:33 [notice] 30#30: gracefully shutting down
2025/01/29 14:44:33 [notice] 30#30: exiting
2025/01/29 14:44:33 [notice] 30#30: exit
2025/01/29 14:44:33 [notice] 1#1: signal 17 (SIGCHLD) received from 29
2025/01/29 14:44:33 [notice] 1#1: worker process 29 exited with code 0
2025/01/29 14:44:33 [notice] 1#1: worker process 31 exited with code 0
2025/01/29 14:44:33 [notice] 1#1: signal 29 (SIGIO) received
2025/01/29 14:44:33 [notice] 1#1: signal 17 (SIGCHLD) received from 22
2025/01/29 14:44:33 [notice] 1#1: worker process 22 exited with code 0
2025/01/29 14:44:33 [notice] 1#1: worker process 30 exited with code 0
2025/01/29 14:44:33 [notice] 1#1: signal 29 (SIGIO) received
2025/01/29 14:44:33 [notice] 1#1: signal 17 (SIGCHLD) received from 24
2025/01/29 14:44:33 [notice] 1#1: worker process 24 exited with code 0
2025/01/29 14:44:33 [notice] 1#1: worker process 20 exited with code 0
2025/01/29 14:44:33 [notice] 1#1: worker process 27 exited with code 0
2025/01/29 14:44:33 [notice] 1#1: signal 29 (SIGIO) received
2025/01/29 14:44:33 [notice] 1#1: signal 17 (SIGCHLD) received from 20
2025/01/29 14:44:33 [notice] 1#1: signal 17 (SIGCHLD) received from 28
2025/01/29 14:44:33 [notice] 1#1: worker process 28 exited with code 0
2025/01/29 14:44:33 [notice] 1#1: signal 29 (SIGIO) received
2025/01/29 14:44:33 [notice] 1#1: signal 17 (SIGCHLD) received from 23
2025/01/29 14:44:33 [notice] 1#1: worker process 23 exited with code 0
2025/01/29 14:44:33 [notice] 1#1: worker process 25 exited with code 0
2025/01/29 14:44:33 [notice] 1#1: signal 29 (SIGIO) received
2025/01/29 14:44:33 [notice] 1#1: signal 17 (SIGCHLD) received from 26
2025/01/29 14:44:33 [notice] 1#1: worker process 26 exited with code 0
2025/01/29 14:44:33 [notice] 1#1: worker process 21 exited with code 0
2025/01/29 14:44:33 [notice] 1#1: exit
2025/01/29 14:44:33 [notice] 1#1: using the "epoll" event method
2025/01/29 14:44:33 [notice] 1#1: nginx/1.26.2
2025/01/29 14:44:33 [notice] 1#1: built by gcc 13.2.1 20240309 (Alpine 13.2.1_git20240309) 
2025/01/29 14:44:33 [notice] 1#1: OS: Linux 6.9.3-76060903-generic
2025/01/29 14:44:33 [notice] 1#1: getrlimit(RLIMIT_NOFILE): 1048576:1048576
2025/01/29 14:44:33 [notice] 1#1: start worker processes
2025/01/29 14:44:33 [notice] 1#1: start worker process 20
2025/01/29 14:44:33 [notice] 1#1: start worker process 21
2025/01/29 14:44:33 [notice] 1#1: start worker process 22
2025/01/29 14:44:33 [notice] 1#1: start worker process 23
2025/01/29 14:44:33 [notice] 1#1: start worker process 24
2025/01/29 14:44:33 [notice] 1#1: start worker process 25
2025/01/29 14:44:33 [notice] 1#1: start worker process 26
2025/01/29 14:44:33 [notice] 1#1: start worker process 27
2025/01/29 14:44:33 [notice] 1#1: start worker process 28
2025/01/29 14:44:33 [notice] 1#1: start worker process 29
2025/01/29 14:44:33 [notice] 1#1: start worker process 30
2025/01/29 14:44:33 [notice] 1#1: start worker process 31
2025/01/29 16:20:27 [notice] 1#1: signal 3 (SIGQUIT) received, shutting down
2025/01/29 16:20:27 [notice] 20#20: gracefully shutting down
2025/01/29 16:20:27 [notice] 21#21: gracefully shutting down
2025/01/29 16:20:27 [notice] 20#20: exiting
2025/01/29 16:20:27 [notice] 21#21: exiting
2025/01/29 16:20:27 [notice] 21#21: exit
2025/01/29 16:20:27 [notice] 20#20: exit
2025/01/29 16:20:27 [notice] 22#22: gracefully shutting down
2025/01/29 16:20:27 [notice] 22#22: exiting
2025/01/29 16:20:27 [notice] 22#22: exit
2025/01/29 16:20:27 [notice] 27#27: gracefully shutting down
2025/01/29 16:20:27 [notice] 27#27: exiting
2025/01/29 16:20:27 [notice] 23#23: gracefully shutting down
2025/01/29 16:20:27 [notice] 23#23: exiting
2025/01/29 16:20:27 [notice] 27#27: exit
2025/01/29 16:20:27 [notice] 23#23: exit
2025/01/29 16:20:27 [notice] 25#25: gracefully shutting down
2025/01/29 16:20:27 [notice] 24#24: gracefully shutting down
2025/01/29 16:20:27 [notice] 25#25: exiting
2025/01/29 16:20:27 [notice] 24#24: exiting
2025/01/29 16:20:27 [notice] 25#25: exit
2025/01/29 16:20:27 [notice] 24#24: exit
2025/01/29 16:20:27 [notice] 26#26: gracefully shutting down
2025/01/29 16:20:27 [notice] 26#26: exiting
2025/01/29 16:20:27 [notice] 26#26: exit
2025/01/29 16:20:27 [notice] 28#28: gracefully shutting down
2025/01/29 16:20:27 [notice] 29#29: gracefully shutting down
2025/01/29 16:20:27 [notice] 28#28: exiting
2025/01/29 16:20:27 [notice] 30#30: gracefully shutting down
2025/01/29 16:20:27 [notice] 29#29: exiting
2025/01/29 16:20:27 [notice] 30#30: exiting
2025/01/29 16:20:27 [notice] 28#28: exit
2025/01/29 16:20:27 [notice] 29#29: exit
2025/01/29 16:20:27 [notice] 30#30: exit
2025/01/29 16:20:27 [notice] 31#31: gracefully shutting down
2025/01/29 16:20:27 [notice] 31#31: exiting
2025/01/29 16:20:27 [notice] 31#31: exit
2025/01/29 16:20:28 [notice] 1#1: signal 17 (SIGCHLD) received from 25
2025/01/29 16:20:28 [notice] 1#1: worker process 23 exited with code 0
2025/01/29 16:20:28 [notice] 1#1: worker process 25 exited with code 0
2025/01/29 16:20:28 [notice] 1#1: signal 29 (SIGIO) received
2025/01/29 16:20:28 [notice] 1#1: signal 17 (SIGCHLD) received from 23
2025/01/29 16:20:28 [notice] 1#1: worker process 28 exited with code 0
2025/01/29 16:20:28 [notice] 1#1: signal 29 (SIGIO) received
2025/01/29 16:20:28 [notice] 1#1: signal 17 (SIGCHLD) received from 29
2025/01/29 16:20:28 [notice] 1#1: worker process 29 exited with code 0
2025/01/29 16:20:28 [notice] 1#1: signal 29 (SIGIO) received
2025/01/29 16:20:28 [notice] 1#1: signal 17 (SIGCHLD) received from 20
2025/01/29 16:20:28 [notice] 1#1: worker process 20 exited with code 0
2025/01/29 16:20:28 [notice] 1#1: signal 29 (SIGIO) received
2025/01/29 16:20:28 [notice] 1#1: signal 17 (SIGCHLD) received from 26
2025/01/29 16:20:28 [notice] 1#1: worker process 26 exited with code 0
2025/01/29 16:20:28 [notice] 1#1: worker process 30 exited with code 0
2025/01/29 16:20:28 [notice] 1#1: worker process 31 exited with code 0
2025/01/29 16:20:28 [notice] 1#1: signal 29 (SIGIO) received
2025/01/29 16:20:28 [notice] 1#1: signal 17 (SIGCHLD) received from 30
2025/01/29 16:20:28 [notice] 1#1: signal 17 (SIGCHLD) received from 21
2025/01/29 16:20:28 [notice] 1#1: worker process 21 exited with code 0
2025/01/29 16:20:28 [notice] 1#1: signal 29 (SIGIO) received
2025/01/29 16:20:28 [notice] 1#1: signal 17 (SIGCHLD) received from 22
2025/01/29 16:20:28 [notice] 1#1: worker process 22 exited with code 0
2025/01/29 16:20:28 [notice] 1#1: signal 29 (SIGIO) received
2025/01/29 16:20:28 [notice] 1#1: signal 17 (SIGCHLD) received from 24
2025/01/29 16:20:28 [notice] 1#1: worker process 24 exited with code 0
2025/01/29 16:20:28 [notice] 1#1: signal 29 (SIGIO) received
2025/01/29 16:20:28 [notice] 1#1: signal 17 (SIGCHLD) received from 27
2025/01/29 16:20:28 [notice] 1#1: worker process 27 exited with code 0
2025/01/29 16:20:28 [notice] 1#1: exit
2025/01/29 17:03:46 [notice] 1#1: using the "epoll" event method
2025/01/29 17:03:46 [notice] 1#1: nginx/1.26.2
2025/01/29 17:03:46 [notice] 1#1: built by gcc 13.2.1 20240309 (Alpine 13.2.1_git20240309) 
2025/01/29 17:03:46 [notice] 1#1: OS: Linux 6.9.3-76060903-generic
2025/01/29 17:03:46 [notice] 1#1: getrlimit(RLIMIT_NOFILE): 1048576:1048576
2025/01/29 17:03:46 [notice] 1#1: start worker processes
2025/01/29 17:03:46 [notice] 1#1: start worker process 20
2025/01/29 17:03:46 [notice] 1#1: start worker process 21
2025/01/29 17:03:46 [notice] 1#1: start worker process 22
2025/01/29 17:03:46 [notice] 1#1: start worker process 23
2025/01/29 17:03:46 [notice] 1#1: start worker process 24
2025/01/29 17:03:46 [notice] 1#1: start worker process 25
2025/01/29 17:03:46 [notice] 1#1: start worker process 26
2025/01/29 17:03:46 [notice] 1#1: start worker process 27
2025/01/29 17:03:46 [notice] 1#1: start worker process 28
2025/01/29 17:03:46 [notice] 1#1: start worker process 29
2025/01/29 17:03:46 [notice] 1#1: start worker process 30
2025/01/29 17:03:46 [notice] 1#1: start worker process 31
2025/01/29 17:07:54 [notice] 1#1: signal 3 (SIGQUIT) received, shutting down
2025/01/29 17:07:54 [notice] 20#20: gracefully shutting down
2025/01/29 17:07:54 [notice] 23#23: gracefully shutting down
2025/01/29 17:07:54 [notice] 21#21: gracefully shutting down
2025/01/29 17:07:54 [notice] 27#27: gracefully shutting down
2025/01/29 17:07:54 [notice] 30#30: gracefully shutting down
2025/01/29 17:07:54 [notice] 29#29: gracefully shutting down
2025/01/29 17:07:54 [notice] 20#20: exiting
2025/01/29 17:07:54 [notice] 23#23: exiting
2025/01/29 17:07:54 [notice] 31#31: gracefully shutting down
2025/01/29 17:07:54 [notice] 21#21: exiting
2025/01/29 17:07:54 [notice] 22#22: gracefully shutting down
2025/01/29 17:07:54 [notice] 27#27: exiting
2025/01/29 17:07:54 [notice] 30#30: exiting
2025/01/29 17:07:54 [notice] 29#29: exiting
2025/01/29 17:07:54 [notice] 31#31: exiting
2025/01/29 17:07:54 [notice] 22#22: exiting
2025/01/29 17:07:54 [notice] 29#29: exit
2025/01/29 17:07:54 [notice] 20#20: exit
2025/01/29 17:07:54 [notice] 30#30: exit
2025/01/29 17:07:54 [notice] 23#23: exit
2025/01/29 17:07:54 [notice] 22#22: exit
2025/01/29 17:07:54 [notice] 21#21: exit
2025/01/29 17:07:54 [notice] 31#31: exit
2025/01/29 17:07:54 [notice] 27#27: exit
2025/01/29 17:07:54 [notice] 25#25: gracefully shutting down
2025/01/29 17:07:54 [notice] 25#25: exiting
2025/01/29 17:07:54 [notice] 26#26: gracefully shutting down
2025/01/29 17:07:54 [notice] 26#26: exiting
2025/01/29 17:07:54 [notice] 25#25: exit
2025/01/29 17:07:54 [notice] 26#26: exit
2025/01/29 17:07:54 [notice] 28#28: gracefully shutting down
2025/01/29 17:07:54 [notice] 28#28: exiting
2025/01/29 17:07:54 [notice] 28#28: exit
2025/01/29 17:07:54 [notice] 24#24: gracefully shutting down
2025/01/29 17:07:54 [notice] 24#24: exiting
2025/01/29 17:07:54 [notice] 24#24: exit
2025/01/29 17:07:54 [notice] 1#1: signal 17 (SIGCHLD) received from 28
2025/01/29 17:07:54 [notice] 1#1: worker process 20 exited with code 0
2025/01/29 17:07:54 [notice] 1#1: worker process 24 exited with code 0
2025/01/29 17:07:54 [notice] 1#1: worker process 26 exited with code 0
2025/01/29 17:07:54 [notice] 1#1: worker process 28 exited with code 0
2025/01/29 17:07:54 [notice] 1#1: worker process 31 exited with code 0
2025/01/29 17:07:54 [notice] 1#1: signal 29 (SIGIO) received
2025/01/29 17:07:54 [notice] 1#1: signal 17 (SIGCHLD) received from 31
2025/01/29 17:07:54 [notice] 1#1: signal 17 (SIGCHLD) received from 27
2025/01/29 17:07:54 [notice] 1#1: worker process 27 exited with code 0
2025/01/29 17:07:54 [notice] 1#1: signal 29 (SIGIO) received
2025/01/29 17:07:54 [notice] 1#1: signal 17 (SIGCHLD) received from 21
2025/01/29 17:07:54 [notice] 1#1: worker process 21 exited with code 0
2025/01/29 17:07:54 [notice] 1#1: worker process 22 exited with code 0
2025/01/29 17:07:54 [notice] 1#1: signal 29 (SIGIO) received
2025/01/29 17:07:54 [notice] 1#1: signal 17 (SIGCHLD) received from 22
2025/01/29 17:07:54 [notice] 1#1: signal 17 (SIGCHLD) received from 25
2025/01/29 17:07:54 [notice] 1#1: worker process 23 exited with code 0
2025/01/29 17:07:54 [notice] 1#1: worker process 25 exited with code 0
2025/01/29 17:07:54 [notice] 1#1: signal 29 (SIGIO) received
2025/01/29 17:07:54 [notice] 1#1: signal 17 (SIGCHLD) received from 23
2025/01/29 17:07:54 [notice] 1#1: signal 17 (SIGCHLD) received from 30
2025/01/29 17:07:54 [notice] 1#1: worker process 30 exited with code 0
2025/01/29 17:07:54 [notice] 1#1: signal 29 (SIGIO) received
2025/01/29 17:07:54 [notice] 1#1: signal 17 (SIGCHLD) received from 29
2025/01/29 17:07:54 [notice] 1#1: worker process 29 exited with code 0
2025/01/29 17:07:54 [notice] 1#1: exit
2025/01/29 17:07:54 [notice] 1#1: using the "epoll" event method
2025/01/29 17:07:54 [notice] 1#1: nginx/1.26.2
2025/01/29 17:07:54 [notice] 1#1: built by gcc 13.2.1 20240309 (Alpine 13.2.1_git20240309) 
2025/01/29 17:07:54 [notice] 1#1: OS: Linux 6.9.3-76060903-generic
2025/01/29 17:07:54 [notice] 1#1: getrlimit(RLIMIT_NOFILE): 1048576:1048576
2025/01/29 17:07:54 [notice] 1#1: start worker processes
2025/01/29 17:07:54 [notice] 1#1: start worker process 19
2025/01/29 17:07:54 [notice] 1#1: start worker process 20
2025/01/29 17:07:54 [notice] 1#1: start worker process 21
2025/01/29 17:07:54 [notice] 1#1: start worker process 22
2025/01/29 17:07:54 [notice] 1#1: start worker process 23
2025/01/29 17:07:54 [notice] 1#1: start worker process 24
2025/01/29 17:07:54 [notice] 1#1: start worker process 25
2025/01/29 17:07:54 [notice] 1#1: start worker process 26
2025/01/29 17:07:54 [notice] 1#1: start worker process 27
2025/01/29 17:07:54 [notice] 1#1: start worker process 28
2025/01/29 17:07:54 [notice] 1#1: start worker process 29
2025/01/29 17:07:54 [notice] 1#1: start worker process 30
2025/01/29 20:41:12 [notice] 1#1: using the "epoll" event method
2025/01/29 20:41:12 [notice] 1#1: nginx/1.26.2
2025/01/29 20:41:12 [notice] 1#1: built by gcc 13.2.1 20240309 (Alpine 13.2.1_git20240309) 
2025/01/29 20:41:12 [notice] 1#1: OS: Linux 6.9.3-76060903-generic
2025/01/29 20:41:12 [notice] 1#1: getrlimit(RLIMIT_NOFILE): 1048576:1048576
2025/01/29 20:41:12 [notice] 1#1: start worker processes
2025/01/29 20:41:12 [notice] 1#1: start worker process 20
2025/01/29 20:41:12 [notice] 1#1: start worker process 21
2025/01/29 20:41:12 [notice] 1#1: start worker process 22
2025/01/29 20:41:12 [notice] 1#1: start worker process 23
2025/01/29 20:41:12 [notice] 1#1: start worker process 24
2025/01/29 20:41:12 [notice] 1#1: start worker process 25
2025/01/29 20:41:12 [notice] 1#1: start worker process 26
2025/01/29 20:41:12 [notice] 1#1: start worker process 27
2025/01/29 20:41:12 [notice] 1#1: start worker process 28
2025/01/29 20:41:12 [notice] 1#1: start worker process 29
2025/01/29 20:41:12 [notice] 1#1: start worker process 30
2025/01/29 20:41:12 [notice] 1#1: start worker process 31
2025/01/29 20:45:12 [notice] 1#1: signal 3 (SIGQUIT) received, shutting down
2025/01/29 20:45:12 [notice] 20#20: gracefully shutting down
2025/01/29 20:45:12 [notice] 21#21: gracefully shutting down
2025/01/29 20:45:12 [notice] 22#22: gracefully shutting down
2025/01/29 20:45:12 [notice] 26#26: gracefully shutting down
2025/01/29 20:45:12 [notice] 24#24: gracefully shutting down
2025/01/29 20:45:12 [notice] 20#20: exiting
2025/01/29 20:45:12 [notice] 21#21: exiting
2025/01/29 20:45:12 [notice] 22#22: exiting
2025/01/29 20:45:12 [notice] 28#28: gracefully shutting down
2025/01/29 20:45:12 [notice] 30#30: gracefully shutting down
2025/01/29 20:45:12 [notice] 26#26: exiting
2025/01/29 20:45:12 [notice] 23#23: gracefully shutting down
2025/01/29 20:45:12 [notice] 24#24: exiting
2025/01/29 20:45:12 [notice] 28#28: exiting
2025/01/29 20:45:12 [notice] 30#30: exiting
2025/01/29 20:45:12 [notice] 23#23: exiting
2025/01/29 20:45:12 [notice] 27#27: gracefully shutting down
2025/01/29 20:45:12 [notice] 27#27: exiting
2025/01/29 20:45:12 [notice] 21#21: exit
2025/01/29 20:45:12 [notice] 23#23: exit
2025/01/29 20:45:12 [notice] 26#26: exit
2025/01/29 20:45:12 [notice] 30#30: exit
2025/01/29 20:45:12 [notice] 20#20: exit
2025/01/29 20:45:12 [notice] 24#24: exit
2025/01/29 20:45:12 [notice] 28#28: exit
2025/01/29 20:45:12 [notice] 27#27: exit
2025/01/29 20:45:12 [notice] 25#25: gracefully shutting down
2025/01/29 20:45:12 [notice] 25#25: exiting
2025/01/29 20:45:12 [notice] 22#22: exit
2025/01/29 20:45:12 [notice] 25#25: exit
2025/01/29 20:45:12 [notice] 29#29: gracefully shutting down
2025/01/29 20:45:12 [notice] 29#29: exiting
2025/01/29 20:45:12 [notice] 31#31: gracefully shutting down
2025/01/29 20:45:12 [notice] 31#31: exiting
2025/01/29 20:45:12 [notice] 29#29: exit
2025/01/29 20:45:12 [notice] 31#31: exit
2025/01/29 20:45:12 [notice] 1#1: signal 17 (SIGCHLD) received from 21
2025/01/29 20:45:12 [notice] 1#1: worker process 21 exited with code 0
2025/01/29 20:45:12 [notice] 1#1: worker process 27 exited with code 0
2025/01/29 20:45:12 [notice] 1#1: signal 29 (SIGIO) received
2025/01/29 20:45:12 [notice] 1#1: signal 17 (SIGCHLD) received from 20
2025/01/29 20:45:12 [notice] 1#1: worker process 20 exited with code 0
2025/01/29 20:45:12 [notice] 1#1: signal 29 (SIGIO) received
2025/01/29 20:45:12 [notice] 1#1: signal 17 (SIGCHLD) received from 28
2025/01/29 20:45:12 [notice] 1#1: worker process 28 exited with code 0
2025/01/29 20:45:12 [notice] 1#1: signal 29 (SIGIO) received
2025/01/29 20:45:12 [notice] 1#1: signal 17 (SIGCHLD) received from 22
2025/01/29 20:45:12 [notice] 1#1: worker process 22 exited with code 0
2025/01/29 20:45:12 [notice] 1#1: signal 29 (SIGIO) received
2025/01/29 20:45:12 [notice] 1#1: signal 17 (SIGCHLD) received from 25
2025/01/29 20:45:12 [notice] 1#1: worker process 25 exited with code 0
2025/01/29 20:45:12 [notice] 1#1: signal 29 (SIGIO) received
2025/01/29 20:45:12 [notice] 1#1: signal 17 (SIGCHLD) received from 30
2025/01/29 20:45:12 [notice] 1#1: worker process 30 exited with code 0
2025/01/29 20:45:12 [notice] 1#1: signal 29 (SIGIO) received
2025/01/29 20:45:12 [notice] 1#1: signal 17 (SIGCHLD) received from 29
2025/01/29 20:45:12 [notice] 1#1: worker process 29 exited with code 0
2025/01/29 20:45:12 [notice] 1#1: signal 29 (SIGIO) received
2025/01/29 20:45:12 [notice] 1#1: signal 17 (SIGCHLD) received from 26
2025/01/29 20:45:12 [notice] 1#1: worker process 26 exited with code 0
2025/01/29 20:45:12 [notice] 1#1: signal 29 (SIGIO) received
2025/01/29 20:45:12 [notice] 1#1: signal 17 (SIGCHLD) received from 31
2025/01/29 20:45:12 [notice] 1#1: worker process 31 exited with code 0
2025/01/29 20:45:12 [notice] 1#1: signal 29 (SIGIO) received
2025/01/29 20:45:12 [notice] 1#1: signal 17 (SIGCHLD) received from 23
2025/01/29 20:45:12 [notice] 1#1: worker process 23 exited with code 0
2025/01/29 20:45:12 [notice] 1#1: signal 29 (SIGIO) received
2025/01/29 20:45:12 [notice] 1#1: signal 17 (SIGCHLD) received from 24
2025/01/29 20:45:12 [notice] 1#1: worker process 24 exited with code 0
2025/01/29 20:45:12 [notice] 1#1: exit
2025/01/29 20:45:12 [notice] 1#1: using the "epoll" event method
2025/01/29 20:45:12 [notice] 1#1: nginx/1.26.2
2025/01/29 20:45:12 [notice] 1#1: built by gcc 13.2.1 20240309 (Alpine 13.2.1_git20240309) 
2025/01/29 20:45:12 [notice] 1#1: OS: Linux 6.9.3-76060903-generic
2025/01/29 20:45:12 [notice] 1#1: getrlimit(RLIMIT_NOFILE): 1048576:1048576
2025/01/29 20:45:12 [notice] 1#1: start worker processes
2025/01/29 20:45:12 [notice] 1#1: start worker process 20
2025/01/29 20:45:12 [notice] 1#1: start worker process 21
2025/01/29 20:45:12 [notice] 1#1: start worker process 22
2025/01/29 20:45:12 [notice] 1#1: start worker process 23
2025/01/29 20:45:12 [notice] 1#1: start worker process 24
2025/01/29 20:45:12 [notice] 1#1: start worker process 25
2025/01/29 20:45:12 [notice] 1#1: start worker process 26
2025/01/29 20:45:12 [notice] 1#1: start worker process 27
2025/01/29 20:45:12 [notice] 1#1: start worker process 28
2025/01/29 20:45:12 [notice] 1#1: start worker process 29
2025/01/29 20:45:12 [notice] 1#1: start worker process 30
2025/01/29 20:45:12 [notice] 1#1: start worker process 31
2025/01/29 22:21:40 [notice] 1#1: signal 3 (SIGQUIT) received, shutting down
2025/01/29 22:21:40 [notice] 21#21: gracefully shutting down
2025/01/29 22:21:40 [notice] 22#22: gracefully shutting down
2025/01/29 22:21:40 [notice] 20#20: gracefully shutting down
2025/01/29 22:21:40 [notice] 23#23: gracefully shutting down
2025/01/29 22:21:40 [notice] 25#25: gracefully shutting down
2025/01/29 22:21:40 [notice] 21#21: exiting
2025/01/29 22:21:40 [notice] 22#22: exiting
2025/01/29 22:21:40 [notice] 20#20: exiting
2025/01/29 22:21:40 [notice] 23#23: exiting
2025/01/29 22:21:40 [notice] 29#29: gracefully shutting down
2025/01/29 22:21:40 [notice] 25#25: exiting
2025/01/29 22:21:40 [notice] 26#26: gracefully shutting down
2025/01/29 22:21:40 [notice] 24#24: gracefully shutting down
2025/01/29 22:21:40 [notice] 27#27: gracefully shutting down
2025/01/29 22:21:40 [notice] 29#29: exiting
2025/01/29 22:21:40 [notice] 26#26: exiting
2025/01/29 22:21:40 [notice] 24#24: exiting
2025/01/29 22:21:40 [notice] 27#27: exiting
2025/01/29 22:21:40 [notice] 28#28: gracefully shutting down
2025/01/29 22:21:40 [notice] 23#23: exit
2025/01/29 22:21:40 [notice] 20#20: exit
2025/01/29 22:21:40 [notice] 21#21: exit
2025/01/29 22:21:40 [notice] 22#22: exit
2025/01/29 22:21:40 [notice] 25#25: exit
2025/01/29 22:21:40 [notice] 28#28: exiting
2025/01/29 22:21:40 [notice] 29#29: exit
2025/01/29 22:21:40 [notice] 27#27: exit
2025/01/29 22:21:40 [notice] 24#24: exit
2025/01/29 22:21:40 [notice] 26#26: exit
2025/01/29 22:21:40 [notice] 28#28: exit
2025/01/29 22:21:40 [notice] 30#30: gracefully shutting down
2025/01/29 22:21:40 [notice] 30#30: exiting
2025/01/29 22:21:40 [notice] 31#31: gracefully shutting down
2025/01/29 22:21:40 [notice] 31#31: exiting
2025/01/29 22:21:40 [notice] 30#30: exit
2025/01/29 22:21:40 [notice] 31#31: exit
2025/01/29 22:21:40 [notice] 1#1: signal 17 (SIGCHLD) received from 27
2025/01/29 22:21:40 [notice] 1#1: worker process 24 exited with code 0
2025/01/29 22:21:40 [notice] 1#1: worker process 27 exited with code 0
2025/01/29 22:21:40 [notice] 1#1: signal 29 (SIGIO) received
2025/01/29 22:21:40 [notice] 1#1: signal 17 (SIGCHLD) received from 26
2025/01/29 22:21:40 [notice] 1#1: worker process 26 exited with code 0
2025/01/29 22:21:40 [notice] 1#1: signal 29 (SIGIO) received
2025/01/29 22:21:40 [notice] 1#1: signal 17 (SIGCHLD) received from 23
2025/01/29 22:21:40 [notice] 1#1: worker process 23 exited with code 0
2025/01/29 22:21:40 [notice] 1#1: signal 29 (SIGIO) received
2025/01/29 22:21:40 [notice] 1#1: signal 17 (SIGCHLD) received from 30
2025/01/29 22:21:40 [notice] 1#1: worker process 30 exited with code 0
2025/01/29 22:21:40 [notice] 1#1: worker process 31 exited with code 0
2025/01/29 22:21:40 [notice] 1#1: worker process 20 exited with code 0
2025/01/29 22:21:40 [notice] 1#1: signal 29 (SIGIO) received
2025/01/29 22:21:40 [notice] 1#1: signal 17 (SIGCHLD) received from 31
2025/01/29 22:21:40 [notice] 1#1: signal 17 (SIGCHLD) received from 28
2025/01/29 22:21:40 [notice] 1#1: worker process 25 exited with code 0
2025/01/29 22:21:40 [notice] 1#1: worker process 28 exited with code 0
2025/01/29 22:21:40 [notice] 1#1: signal 29 (SIGIO) received
2025/01/29 22:21:40 [notice] 1#1: signal 17 (SIGCHLD) received from 22
2025/01/29 22:21:40 [notice] 1#1: worker process 22 exited with code 0
2025/01/29 22:21:40 [notice] 1#1: signal 29 (SIGIO) received
2025/01/29 22:21:40 [notice] 1#1: signal 17 (SIGCHLD) received from 21
2025/01/29 22:21:40 [notice] 1#1: worker process 21 exited with code 0
2025/01/29 22:21:40 [notice] 1#1: signal 17 (SIGCHLD) received from 29
2025/01/29 22:21:40 [notice] 1#1: worker process 29 exited with code 0
2025/01/29 22:21:40 [notice] 1#1: exit
2025/01/29 22:35:11 [notice] 1#1: using the "epoll" event method
2025/01/29 22:35:11 [notice] 1#1: nginx/1.26.2
2025/01/29 22:35:11 [notice] 1#1: built by gcc 13.2.1 20240309 (Alpine 13.2.1_git20240309) 
2025/01/29 22:35:11 [notice] 1#1: OS: Linux 6.9.3-76060903-generic
2025/01/29 22:35:11 [notice] 1#1: getrlimit(RLIMIT_NOFILE): 1048576:1048576
2025/01/29 22:35:11 [notice] 1#1: start worker processes
2025/01/29 22:35:11 [notice] 1#1: start worker process 20
2025/01/29 22:35:11 [notice] 1#1: start worker process 21
2025/01/29 22:35:11 [notice] 1#1: start worker process 22
2025/01/29 22:35:11 [notice] 1#1: start worker process 23
2025/01/29 22:35:11 [notice] 1#1: start worker process 24
2025/01/29 22:35:11 [notice] 1#1: start worker process 25
2025/01/29 22:35:11 [notice] 1#1: start worker process 26
2025/01/29 22:35:11 [notice] 1#1: start worker process 27
2025/01/29 22:35:11 [notice] 1#1: start worker process 28
2025/01/29 22:35:11 [notice] 1#1: start worker process 29
2025/01/29 22:35:11 [notice] 1#1: start worker process 30
2025/01/29 22:35:11 [notice] 1#1: start worker process 31
2025/01/29 23:02:36 [notice] 1#1: signal 3 (SIGQUIT) received, shutting down
2025/01/29 23:02:36 [notice] 20#20: gracefully shutting down
2025/01/29 23:02:36 [notice] 23#23: gracefully shutting down
2025/01/29 23:02:36 [notice] 24#24: gracefully shutting down
2025/01/29 23:02:36 [notice] 22#22: gracefully shutting down
2025/01/29 23:02:36 [notice] 25#25: gracefully shutting down
2025/01/29 23:02:36 [notice] 26#26: gracefully shutting down
2025/01/29 23:02:36 [notice] 27#27: gracefully shutting down
2025/01/29 23:02:36 [notice] 28#28: gracefully shutting down
2025/01/29 23:02:36 [notice] 20#20: exiting
2025/01/29 23:02:36 [notice] 29#29: gracefully shutting down
2025/01/29 23:02:36 [notice] 23#23: exiting
2025/01/29 23:02:36 [notice] 24#24: exiting
2025/01/29 23:02:36 [notice] 22#22: exiting
2025/01/29 23:02:36 [notice] 25#25: exiting
2025/01/29 23:02:36 [notice] 26#26: exiting
2025/01/29 23:02:36 [notice] 27#27: exiting
2025/01/29 23:02:36 [notice] 28#28: exiting
2025/01/29 23:02:36 [notice] 29#29: exiting
2025/01/29 23:02:36 [notice] 30#30: gracefully shutting down
2025/01/29 23:02:36 [notice] 30#30: exiting
2025/01/29 23:02:36 [notice] 20#20: exit
2025/01/29 23:02:36 [notice] 24#24: exit
2025/01/29 23:02:36 [notice] 26#26: exit
2025/01/29 23:02:36 [notice] 23#23: exit
2025/01/29 23:02:36 [notice] 28#28: exit
2025/01/29 23:02:36 [notice] 22#22: exit
2025/01/29 23:02:36 [notice] 25#25: exit
2025/01/29 23:02:36 [notice] 27#27: exit
2025/01/29 23:02:36 [notice] 29#29: exit
2025/01/29 23:02:36 [notice] 30#30: exit
2025/01/29 23:02:36 [notice] 21#21: gracefully shutting down
2025/01/29 23:02:36 [notice] 21#21: exiting
2025/01/29 23:02:36 [notice] 21#21: exit
2025/01/29 23:02:36 [notice] 31#31: gracefully shutting down
2025/01/29 23:02:36 [notice] 31#31: exiting
2025/01/29 23:02:36 [notice] 31#31: exit
2025/01/29 23:02:36 [notice] 1#1: signal 17 (SIGCHLD) received from 30
2025/01/29 23:02:36 [notice] 1#1: worker process 21 exited with code 0
2025/01/29 23:02:36 [notice] 1#1: worker process 30 exited with code 0
2025/01/29 23:02:36 [notice] 1#1: signal 29 (SIGIO) received
2025/01/29 23:02:36 [notice] 1#1: signal 17 (SIGCHLD) received from 31
2025/01/29 23:02:36 [notice] 1#1: worker process 31 exited with code 0
2025/01/29 23:02:36 [notice] 1#1: signal 29 (SIGIO) received
2025/01/29 23:02:36 [notice] 1#1: signal 17 (SIGCHLD) received from 29
2025/01/29 23:02:36 [notice] 1#1: worker process 29 exited with code 0
2025/01/29 23:02:36 [notice] 1#1: signal 29 (SIGIO) received
2025/01/29 23:02:36 [notice] 1#1: signal 17 (SIGCHLD) received from 27
2025/01/29 23:02:36 [notice] 1#1: worker process 27 exited with code 0
2025/01/29 23:02:36 [notice] 1#1: signal 29 (SIGIO) received
2025/01/29 23:02:36 [notice] 1#1: signal 17 (SIGCHLD) received from 22
2025/01/29 23:02:36 [notice] 1#1: worker process 22 exited with code 0
2025/01/29 23:02:36 [notice] 1#1: worker process 23 exited with code 0
2025/01/29 23:02:36 [notice] 1#1: worker process 26 exited with code 0
2025/01/29 23:02:36 [notice] 1#1: worker process 28 exited with code 0
2025/01/29 23:02:36 [notice] 1#1: signal 29 (SIGIO) received
2025/01/29 23:02:36 [notice] 1#1: signal 17 (SIGCHLD) received from 23
2025/01/29 23:02:36 [notice] 1#1: signal 17 (SIGCHLD) received from 25
2025/01/29 23:02:36 [notice] 1#1: worker process 25 exited with code 0
2025/01/29 23:02:36 [notice] 1#1: signal 29 (SIGIO) received
2025/01/29 23:02:36 [notice] 1#1: signal 17 (SIGCHLD) received from 20
2025/01/29 23:02:36 [notice] 1#1: worker process 20 exited with code 0
2025/01/29 23:02:36 [notice] 1#1: signal 17 (SIGCHLD) received from 24
2025/01/29 23:02:36 [notice] 1#1: worker process 24 exited with code 0
2025/01/29 23:02:36 [notice] 1#1: exit
2025/01/29 23:03:06 [notice] 1#1: using the "epoll" event method
2025/01/29 23:03:06 [notice] 1#1: nginx/1.26.2
2025/01/29 23:03:06 [notice] 1#1: built by gcc 13.2.1 20240309 (Alpine 13.2.1_git20240309) 
2025/01/29 23:03:06 [notice] 1#1: OS: Linux 6.9.3-76060903-generic
2025/01/29 23:03:06 [notice] 1#1: getrlimit(RLIMIT_NOFILE): 1048576:1048576
2025/01/29 23:03:06 [notice] 1#1: start worker processes
2025/01/29 23:03:06 [notice] 1#1: start worker process 20
2025/01/29 23:03:06 [notice] 1#1: start worker process 21
2025/01/29 23:03:06 [notice] 1#1: start worker process 22
2025/01/29 23:03:06 [notice] 1#1: start worker process 23
2025/01/29 23:03:06 [notice] 1#1: start worker process 24
2025/01/29 23:03:06 [notice] 1#1: start worker process 25
2025/01/29 23:03:06 [notice] 1#1: start worker process 26
2025/01/29 23:03:06 [notice] 1#1: start worker process 27
2025/01/29 23:03:06 [notice] 1#1: start worker process 28
2025/01/29 23:03:06 [notice] 1#1: start worker process 29
2025/01/29 23:03:06 [notice] 1#1: start worker process 30
2025/01/29 23:03:06 [notice] 1#1: start worker process 31
2025/01/29 23:13:17 [notice] 1#1: signal 3 (SIGQUIT) received, shutting down
2025/01/29 23:13:17 [notice] 20#20: gracefully shutting down
2025/01/29 23:13:17 [notice] 23#23: gracefully shutting down
2025/01/29 23:13:17 [notice] 25#25: gracefully shutting down
2025/01/29 23:13:17 [notice] 21#21: gracefully shutting down
2025/01/29 23:13:17 [notice] 27#27: gracefully shutting down
2025/01/29 23:13:17 [notice] 20#20: exiting
2025/01/29 23:13:17 [notice] 28#28: gracefully shutting down
2025/01/29 23:13:17 [notice] 30#30: gracefully shutting down
2025/01/29 23:13:17 [notice] 22#22: gracefully shutting down
2025/01/29 23:13:17 [notice] 23#23: exiting
2025/01/29 23:13:17 [notice] 25#25: exiting
2025/01/29 23:13:17 [notice] 21#21: exiting
2025/01/29 23:13:17 [notice] 27#27: exiting
2025/01/29 23:13:17 [notice] 28#28: exiting
2025/01/29 23:13:17 [notice] 30#30: exiting
2025/01/29 23:13:17 [notice] 22#22: exiting
2025/01/29 23:13:17 [notice] 24#24: gracefully shutting down
2025/01/29 23:13:17 [notice] 24#24: exiting
2025/01/29 23:13:17 [notice] 20#20: exit
2025/01/29 23:13:17 [notice] 23#23: exit
2025/01/29 23:13:17 [notice] 29#29: gracefully shutting down
2025/01/29 23:13:17 [notice] 28#28: exit
2025/01/29 23:13:17 [notice] 31#31: gracefully shutting down
2025/01/29 23:13:17 [notice] 29#29: exiting
2025/01/29 23:13:17 [notice] 24#24: exit
2025/01/29 23:13:17 [notice] 31#31: exiting
2025/01/29 23:13:17 [notice] 27#27: exit
2025/01/29 23:13:17 [notice] 31#31: exit
2025/01/29 23:13:17 [notice] 25#25: exit
2025/01/29 23:13:17 [notice] 26#26: gracefully shutting down
2025/01/29 23:13:17 [notice] 26#26: exiting
2025/01/29 23:13:17 [notice] 26#26: exit
2025/01/29 23:13:17 [notice] 29#29: exit
2025/01/29 23:13:17 [notice] 22#22: exit
2025/01/29 23:13:17 [notice] 21#21: exit
2025/01/29 23:13:17 [notice] 30#30: exit
2025/01/29 23:13:17 [notice] 1#1: signal 17 (SIGCHLD) received from 21
2025/01/29 23:13:17 [notice] 1#1: worker process 21 exited with code 0
2025/01/29 23:13:17 [notice] 1#1: signal 29 (SIGIO) received
2025/01/29 23:13:17 [notice] 1#1: signal 17 (SIGCHLD) received from 24
2025/01/29 23:13:17 [notice] 1#1: worker process 24 exited with code 0
2025/01/29 23:13:17 [notice] 1#1: signal 29 (SIGIO) received
2025/01/29 23:13:17 [notice] 1#1: signal 17 (SIGCHLD) received from 31
2025/01/29 23:13:17 [notice] 1#1: worker process 31 exited with code 0
2025/01/29 23:13:17 [notice] 1#1: signal 29 (SIGIO) received
2025/01/29 23:13:17 [notice] 1#1: signal 17 (SIGCHLD) received from 29
2025/01/29 23:13:17 [notice] 1#1: worker process 29 exited with code 0
2025/01/29 23:13:17 [notice] 1#1: signal 29 (SIGIO) received
2025/01/29 23:13:17 [notice] 1#1: signal 17 (SIGCHLD) received from 27
2025/01/29 23:13:17 [notice] 1#1: worker process 22 exited with code 0
2025/01/29 23:13:17 [notice] 1#1: worker process 27 exited with code 0
2025/01/29 23:13:17 [notice] 1#1: signal 29 (SIGIO) received
2025/01/29 23:13:17 [notice] 1#1: signal 17 (SIGCHLD) received from 23
2025/01/29 23:13:17 [notice] 1#1: worker process 23 exited with code 0
2025/01/29 23:13:17 [notice] 1#1: worker process 25 exited with code 0
2025/01/29 23:13:17 [notice] 1#1: worker process 20 exited with code 0
2025/01/29 23:13:17 [notice] 1#1: worker process 26 exited with code 0
2025/01/29 23:13:17 [notice] 1#1: worker process 28 exited with code 0
2025/01/29 23:13:17 [notice] 1#1: signal 29 (SIGIO) received
2025/01/29 23:13:17 [notice] 1#1: signal 17 (SIGCHLD) received from 25
2025/01/29 23:13:17 [notice] 1#1: signal 17 (SIGCHLD) received from 30
2025/01/29 23:13:17 [notice] 1#1: worker process 30 exited with code 0
2025/01/29 23:13:17 [notice] 1#1: exit
2025/01/29 23:16:23 [notice] 1#1: using the "epoll" event method
2025/01/29 23:16:23 [notice] 1#1: nginx/1.26.2
2025/01/29 23:16:23 [notice] 1#1: built by gcc 13.2.1 20240309 (Alpine 13.2.1_git20240309) 
2025/01/29 23:16:23 [notice] 1#1: OS: Linux 6.9.3-76060903-generic
2025/01/29 23:16:23 [notice] 1#1: getrlimit(RLIMIT_NOFILE): 1048576:1048576
2025/01/29 23:16:23 [notice] 1#1: start worker processes
2025/01/29 23:16:23 [notice] 1#1: start worker process 20
2025/01/29 23:16:23 [notice] 1#1: start worker process 21
2025/01/29 23:16:23 [notice] 1#1: start worker process 22
2025/01/29 23:16:23 [notice] 1#1: start worker process 23
2025/01/29 23:16:23 [notice] 1#1: start worker process 24
2025/01/29 23:16:23 [notice] 1#1: start worker process 25
2025/01/29 23:16:23 [notice] 1#1: start worker process 26
2025/01/29 23:16:23 [notice] 1#1: start worker process 27
2025/01/29 23:16:23 [notice] 1#1: start worker process 28
2025/01/29 23:16:23 [notice] 1#1: start worker process 29
2025/01/29 23:16:23 [notice] 1#1: start worker process 30
2025/01/29 23:16:23 [notice] 1#1: start worker process 31
2025/01/29 23:23:10 [notice] 1#1: signal 3 (SIGQUIT) received, shutting down
2025/01/29 23:23:10 [notice] 21#21: gracefully shutting down
2025/01/29 23:23:10 [notice] 20#20: gracefully shutting down
2025/01/29 23:23:10 [notice] 23#23: gracefully shutting down
2025/01/29 23:23:10 [notice] 24#24: gracefully shutting down
2025/01/29 23:23:10 [notice] 25#25: gracefully shutting down
2025/01/29 23:23:10 [notice] 26#26: gracefully shutting down
2025/01/29 23:23:10 [notice] 21#21: exiting
2025/01/29 23:23:10 [notice] 29#29: gracefully shutting down
2025/01/29 23:23:10 [notice] 22#22: gracefully shutting down
2025/01/29 23:23:10 [notice] 25#25: exiting
2025/01/29 23:23:10 [notice] 20#20: exiting
2025/01/29 23:23:10 [notice] 23#23: exiting
2025/01/29 23:23:10 [notice] 24#24: exiting
2025/01/29 23:23:10 [notice] 26#26: exiting
2025/01/29 23:23:10 [notice] 29#29: exiting
2025/01/29 23:23:10 [notice] 22#22: exiting
2025/01/29 23:23:10 [notice] 25#25: exit
2025/01/29 23:23:10 [notice] 21#21: exit
2025/01/29 23:23:10 [notice] 23#23: exit
2025/01/29 23:23:10 [notice] 22#22: exit
2025/01/29 23:23:10 [notice] 24#24: exit
2025/01/29 23:23:10 [notice] 26#26: exit
2025/01/29 23:23:10 [notice] 20#20: exit
2025/01/29 23:23:10 [notice] 27#27: gracefully shutting down
2025/01/29 23:23:10 [notice] 27#27: exiting
2025/01/29 23:23:10 [notice] 29#29: exit
2025/01/29 23:23:10 [notice] 27#27: exit
2025/01/29 23:23:10 [notice] 28#28: gracefully shutting down
2025/01/29 23:23:10 [notice] 28#28: exiting
2025/01/29 23:23:10 [notice] 30#30: gracefully shutting down
2025/01/29 23:23:10 [notice] 31#31: gracefully shutting down
2025/01/29 23:23:10 [notice] 30#30: exiting
2025/01/29 23:23:10 [notice] 31#31: exiting
2025/01/29 23:23:10 [notice] 28#28: exit
2025/01/29 23:23:10 [notice] 30#30: exit
2025/01/29 23:23:10 [notice] 31#31: exit
2025/01/29 23:23:11 [notice] 1#1: signal 17 (SIGCHLD) received from 25
2025/01/29 23:23:11 [notice] 1#1: worker process 25 exited with code 0
2025/01/29 23:23:11 [notice] 1#1: signal 29 (SIGIO) received
2025/01/29 23:23:11 [notice] 1#1: signal 17 (SIGCHLD) received from 26
2025/01/29 23:23:11 [notice] 1#1: worker process 26 exited with code 0
2025/01/29 23:23:11 [notice] 1#1: signal 29 (SIGIO) received
2025/01/29 23:23:11 [notice] 1#1: signal 17 (SIGCHLD) received from 28
2025/01/29 23:23:11 [notice] 1#1: worker process 22 exited with code 0
2025/01/29 23:23:11 [notice] 1#1: worker process 27 exited with code 0
2025/01/29 23:23:11 [notice] 1#1: worker process 28 exited with code 0
2025/01/29 23:23:11 [notice] 1#1: signal 29 (SIGIO) received
2025/01/29 23:23:11 [notice] 1#1: signal 17 (SIGCHLD) received from 22
2025/01/29 23:23:11 [notice] 1#1: signal 17 (SIGCHLD) received from 31
2025/01/29 23:23:11 [notice] 1#1: worker process 21 exited with code 0
2025/01/29 23:23:11 [notice] 1#1: worker process 31 exited with code 0
2025/01/29 23:23:11 [notice] 1#1: worker process 24 exited with code 0
2025/01/29 23:23:11 [notice] 1#1: signal 29 (SIGIO) received
2025/01/29 23:23:11 [notice] 1#1: signal 17 (SIGCHLD) received from 21
2025/01/29 23:23:11 [notice] 1#1: signal 17 (SIGCHLD) received from 23
2025/01/29 23:23:11 [notice] 1#1: worker process 23 exited with code 0
2025/01/29 23:23:11 [notice] 1#1: signal 29 (SIGIO) received
2025/01/29 23:23:11 [notice] 1#1: signal 17 (SIGCHLD) received from 29
2025/01/29 23:23:11 [notice] 1#1: worker process 29 exited with code 0
2025/01/29 23:23:11 [notice] 1#1: signal 29 (SIGIO) received
2025/01/29 23:23:11 [notice] 1#1: signal 17 (SIGCHLD) received from 30
2025/01/29 23:23:11 [notice] 1#1: worker process 30 exited with code 0
2025/01/29 23:23:11 [notice] 1#1: signal 29 (SIGIO) received
2025/01/29 23:23:11 [notice] 1#1: signal 17 (SIGCHLD) received from 20
2025/01/29 23:23:11 [notice] 1#1: worker process 20 exited with code 0
2025/01/29 23:23:11 [notice] 1#1: exit
2025/01/29 23:23:11 [notice] 1#1: using the "epoll" event method
2025/01/29 23:23:11 [notice] 1#1: nginx/1.26.2
2025/01/29 23:23:11 [notice] 1#1: built by gcc 13.2.1 20240309 (Alpine 13.2.1_git20240309) 
2025/01/29 23:23:11 [notice] 1#1: OS: Linux 6.9.3-76060903-generic
2025/01/29 23:23:11 [notice] 1#1: getrlimit(RLIMIT_NOFILE): 1048576:1048576
2025/01/29 23:23:11 [notice] 1#1: start worker processes
2025/01/29 23:23:11 [notice] 1#1: start worker process 20
2025/01/29 23:23:11 [notice] 1#1: start worker process 21
2025/01/29 23:23:11 [notice] 1#1: start worker process 22
2025/01/29 23:23:11 [notice] 1#1: start worker process 23
2025/01/29 23:23:11 [notice] 1#1: start worker process 24
2025/01/29 23:23:11 [notice] 1#1: start worker process 25
2025/01/29 23:23:11 [notice] 1#1: start worker process 26
2025/01/29 23:23:11 [notice] 1#1: start worker process 27
2025/01/29 23:23:11 [notice] 1#1: start worker process 28
2025/01/29 23:23:11 [notice] 1#1: start worker process 29
2025/01/29 23:23:11 [notice] 1#1: start worker process 30
2025/01/29 23:23:11 [notice] 1#1: start worker process 31
2025/01/30 03:03:27 [notice] 1#1: signal 3 (SIGQUIT) received, shutting down
2025/01/30 03:03:27 [notice] 20#20: gracefully shutting down
2025/01/30 03:03:27 [notice] 20#20: exiting
2025/01/30 03:03:27 [notice] 24#24: gracefully shutting down
2025/01/30 03:03:27 [notice] 21#21: gracefully shutting down
2025/01/30 03:03:27 [notice] 24#24: exiting
2025/01/30 03:03:27 [notice] 21#21: exiting
2025/01/30 03:03:27 [notice] 20#20: exit
2025/01/30 03:03:27 [notice] 21#21: exit
2025/01/30 03:03:27 [notice] 24#24: exit
2025/01/30 03:03:27 [notice] 23#23: gracefully shutting down
2025/01/30 03:03:27 [notice] 23#23: exiting
2025/01/30 03:03:27 [notice] 22#22: gracefully shutting down
2025/01/30 03:03:27 [notice] 22#22: exiting
2025/01/30 03:03:27 [notice] 25#25: gracefully shutting down
2025/01/30 03:03:27 [notice] 27#27: gracefully shutting down
2025/01/30 03:03:27 [notice] 25#25: exiting
2025/01/30 03:03:27 [notice] 27#27: exiting
2025/01/30 03:03:27 [notice] 23#23: exit
2025/01/30 03:03:27 [notice] 22#22: exit
2025/01/30 03:03:27 [notice] 25#25: exit
2025/01/30 03:03:27 [notice] 27#27: exit
2025/01/30 03:03:27 [notice] 28#28: gracefully shutting down
2025/01/30 03:03:27 [notice] 28#28: exiting
2025/01/30 03:03:27 [notice] 28#28: exit
2025/01/30 03:03:27 [notice] 30#30: gracefully shutting down
2025/01/30 03:03:27 [notice] 30#30: exiting
2025/01/30 03:03:27 [notice] 29#29: gracefully shutting down
2025/01/30 03:03:27 [notice] 29#29: exiting
2025/01/30 03:03:27 [notice] 30#30: exit
2025/01/30 03:03:27 [notice] 29#29: exit
2025/01/30 03:03:27 [notice] 31#31: gracefully shutting down
2025/01/30 03:03:27 [notice] 31#31: exiting
2025/01/30 03:03:27 [notice] 26#26: gracefully shutting down
2025/01/30 03:03:27 [notice] 26#26: exiting
2025/01/30 03:03:27 [notice] 31#31: exit
2025/01/30 03:03:27 [notice] 26#26: exit
2025/01/30 03:03:27 [notice] 1#1: signal 17 (SIGCHLD) received from 27
2025/01/30 03:03:27 [notice] 1#1: worker process 20 exited with code 0
2025/01/30 03:03:27 [notice] 1#1: worker process 21 exited with code 0
2025/01/30 03:03:27 [notice] 1#1: worker process 22 exited with code 0
2025/01/30 03:03:27 [notice] 1#1: worker process 23 exited with code 0
2025/01/30 03:03:27 [notice] 1#1: worker process 24 exited with code 0
2025/01/30 03:03:27 [notice] 1#1: worker process 25 exited with code 0
2025/01/30 03:03:27 [notice] 1#1: worker process 26 exited with code 0
2025/01/30 03:03:27 [notice] 1#1: worker process 27 exited with code 0
2025/01/30 03:03:27 [notice] 1#1: worker process 28 exited with code 0
2025/01/30 03:03:27 [notice] 1#1: worker process 29 exited with code 0
2025/01/30 03:03:27 [notice] 1#1: worker process 30 exited with code 0
2025/01/30 03:03:27 [notice] 1#1: worker process 31 exited with code 0
2025/01/30 03:03:27 [notice] 1#1: exit
2025/01/30 21:43:59 [notice] 1#1: using the "epoll" event method
2025/01/30 21:43:59 [notice] 1#1: nginx/1.26.2
2025/01/30 21:43:59 [notice] 1#1: built by gcc 13.2.1 20240309 (Alpine 13.2.1_git20240309) 
2025/01/30 21:43:59 [notice] 1#1: OS: Linux 6.9.3-76060903-generic
2025/01/30 21:43:59 [notice] 1#1: getrlimit(RLIMIT_NOFILE): 1048576:1048576
2025/01/30 21:43:59 [notice] 1#1: start worker processes
2025/01/30 21:43:59 [notice] 1#1: start worker process 20
2025/01/30 21:43:59 [notice] 1#1: start worker process 21
2025/01/30 21:43:59 [notice] 1#1: start worker process 22
2025/01/30 21:43:59 [notice] 1#1: start worker process 23
2025/01/30 21:43:59 [notice] 1#1: start worker process 24
2025/01/30 21:43:59 [notice] 1#1: start worker process 25
2025/01/30 21:43:59 [notice] 1#1: start worker process 26
2025/01/30 21:43:59 [notice] 1#1: start worker process 27
2025/01/30 21:43:59 [notice] 1#1: start worker process 28
2025/01/30 21:43:59 [notice] 1#1: start worker process 29
2025/01/30 21:43:59 [notice] 1#1: start worker process 30
2025/01/30 21:43:59 [notice] 1#1: start worker process 31
2025/01/31 02:47:39 [notice] 1#1: signal 3 (SIGQUIT) received, shutting down
2025/01/31 02:47:39 [notice] 21#21: gracefully shutting down
2025/01/31 02:47:39 [notice] 20#20: gracefully shutting down
2025/01/31 02:47:39 [notice] 24#24: gracefully shutting down
2025/01/31 02:47:39 [notice] 21#21: exiting
2025/01/31 02:47:39 [notice] 23#23: gracefully shutting down
2025/01/31 02:47:39 [notice] 22#22: gracefully shutting down
2025/01/31 02:47:39 [notice] 20#20: exiting
2025/01/31 02:47:39 [notice] 24#24: exiting
2025/01/31 02:47:39 [notice] 28#28: gracefully shutting down
2025/01/31 02:47:39 [notice] 30#30: gracefully shutting down
2025/01/31 02:47:39 [notice] 23#23: exiting
2025/01/31 02:47:39 [notice] 22#22: exiting
2025/01/31 02:47:39 [notice] 28#28: exiting
2025/01/31 02:47:39 [notice] 30#30: exiting
2025/01/31 02:47:39 [notice] 27#27: gracefully shutting down
2025/01/31 02:47:39 [notice] 27#27: exiting
2025/01/31 02:47:39 [notice] 29#29: gracefully shutting down
2025/01/31 02:47:39 [notice] 29#29: exiting
2025/01/31 02:47:39 [notice] 24#24: exit
2025/01/31 02:47:39 [notice] 20#20: exit
2025/01/31 02:47:39 [notice] 21#21: exit
2025/01/31 02:47:39 [notice] 22#22: exit
2025/01/31 02:47:39 [notice] 28#28: exit
2025/01/31 02:47:39 [notice] 23#23: exit
2025/01/31 02:47:39 [notice] 30#30: exit
2025/01/31 02:47:39 [notice] 25#25: gracefully shutting down
2025/01/31 02:47:39 [notice] 27#27: exit
2025/01/31 02:47:39 [notice] 25#25: exiting
2025/01/31 02:47:39 [notice] 26#26: gracefully shutting down
2025/01/31 02:47:39 [notice] 31#31: gracefully shutting down
2025/01/31 02:47:39 [notice] 26#26: exiting
2025/01/31 02:47:39 [notice] 31#31: exiting
2025/01/31 02:47:39 [notice] 25#25: exit
2025/01/31 02:47:39 [notice] 26#26: exit
2025/01/31 02:47:39 [notice] 31#31: exit
2025/01/31 02:47:39 [notice] 29#29: exit
2025/01/31 02:47:39 [notice] 1#1: signal 17 (SIGCHLD) received from 22
2025/01/31 02:47:39 [notice] 1#1: worker process 22 exited with code 0
2025/01/31 02:47:39 [notice] 1#1: signal 29 (SIGIO) received
2025/01/31 02:47:39 [notice] 1#1: signal 17 (SIGCHLD) received from 31
2025/01/31 02:47:39 [notice] 1#1: worker process 23 exited with code 0
2025/01/31 02:47:39 [notice] 1#1: worker process 26 exited with code 0
2025/01/31 02:47:39 [notice] 1#1: worker process 27 exited with code 0
2025/01/31 02:47:39 [notice] 1#1: worker process 29 exited with code 0
2025/01/31 02:47:39 [notice] 1#1: worker process 30 exited with code 0
2025/01/31 02:47:39 [notice] 1#1: worker process 31 exited with code 0
2025/01/31 02:47:39 [notice] 1#1: signal 29 (SIGIO) received
2025/01/31 02:47:39 [notice] 1#1: signal 17 (SIGCHLD) received from 25
2025/01/31 02:47:39 [notice] 1#1: worker process 25 exited with code 0
2025/01/31 02:47:39 [notice] 1#1: signal 29 (SIGIO) received
2025/01/31 02:47:39 [notice] 1#1: signal 17 (SIGCHLD) received from 21
2025/01/31 02:47:39 [notice] 1#1: worker process 21 exited with code 0
2025/01/31 02:47:39 [notice] 1#1: signal 29 (SIGIO) received
2025/01/31 02:47:39 [notice] 1#1: signal 17 (SIGCHLD) received from 28
2025/01/31 02:47:39 [notice] 1#1: worker process 28 exited with code 0
2025/01/31 02:47:39 [notice] 1#1: signal 29 (SIGIO) received
2025/01/31 02:47:39 [notice] 1#1: signal 17 (SIGCHLD) received from 20
2025/01/31 02:47:39 [notice] 1#1: worker process 20 exited with code 0
2025/01/31 02:47:39 [notice] 1#1: signal 17 (SIGCHLD) received from 24
2025/01/31 02:47:39 [notice] 1#1: worker process 24 exited with code 0
2025/01/31 02:47:39 [notice] 1#1: exit
2025/01/31 12:08:59 [notice] 1#1: using the "epoll" event method
2025/01/31 12:08:59 [notice] 1#1: nginx/1.26.2
2025/01/31 12:08:59 [notice] 1#1: built by gcc 13.2.1 20240309 (Alpine 13.2.1_git20240309) 
2025/01/31 12:08:59 [notice] 1#1: OS: Linux 6.9.3-76060903-generic
2025/01/31 12:08:59 [notice] 1#1: getrlimit(RLIMIT_NOFILE): 1048576:1048576
2025/01/31 12:08:59 [notice] 1#1: start worker processes
2025/01/31 12:08:59 [notice] 1#1: start worker process 20
2025/01/31 12:08:59 [notice] 1#1: start worker process 21
2025/01/31 12:08:59 [notice] 1#1: start worker process 22
2025/01/31 12:08:59 [notice] 1#1: start worker process 23
2025/01/31 12:08:59 [notice] 1#1: start worker process 24
2025/01/31 12:08:59 [notice] 1#1: start worker process 25
2025/01/31 12:08:59 [notice] 1#1: start worker process 26
2025/01/31 12:08:59 [notice] 1#1: start worker process 27
2025/01/31 12:08:59 [notice] 1#1: start worker process 28
2025/01/31 12:08:59 [notice] 1#1: start worker process 29
2025/01/31 12:08:59 [notice] 1#1: start worker process 30
2025/01/31 12:08:59 [notice] 1#1: start worker process 31
2025/01/31 13:12:50 [notice] 1#1: signal 3 (SIGQUIT) received, shutting down
2025/01/31 13:12:50 [notice] 20#20: gracefully shutting down
2025/01/31 13:12:50 [notice] 21#21: gracefully shutting down
2025/01/31 13:12:50 [notice] 24#24: gracefully shutting down
2025/01/31 13:12:50 [notice] 23#23: gracefully shutting down
2025/01/31 13:12:50 [notice] 22#22: gracefully shutting down
2025/01/31 13:12:50 [notice] 26#26: gracefully shutting down
2025/01/31 13:12:50 [notice] 20#20: exiting
2025/01/31 13:12:50 [notice] 21#21: exiting
2025/01/31 13:12:50 [notice] 25#25: gracefully shutting down
2025/01/31 13:12:50 [notice] 24#24: exiting
2025/01/31 13:12:50 [notice] 23#23: exiting
2025/01/31 13:12:50 [notice] 22#22: exiting
2025/01/31 13:12:50 [notice] 26#26: exiting
2025/01/31 13:12:50 [notice] 25#25: exiting
2025/01/31 13:12:50 [notice] 27#27: gracefully shutting down
2025/01/31 13:12:50 [notice] 27#27: exiting
2025/01/31 13:12:50 [notice] 24#24: exit
2025/01/31 13:12:50 [notice] 26#26: exit
2025/01/31 13:12:50 [notice] 20#20: exit
2025/01/31 13:12:50 [notice] 21#21: exit
2025/01/31 13:12:50 [notice] 22#22: exit
2025/01/31 13:12:50 [notice] 23#23: exit
2025/01/31 13:12:50 [notice] 27#27: exit
2025/01/31 13:12:50 [notice] 25#25: exit
2025/01/31 13:12:50 [notice] 28#28: gracefully shutting down
2025/01/31 13:12:50 [notice] 29#29: gracefully shutting down
2025/01/31 13:12:50 [notice] 28#28: exiting
2025/01/31 13:12:50 [notice] 29#29: exiting
2025/01/31 13:12:50 [notice] 29#29: exit
2025/01/31 13:12:50 [notice] 28#28: exit
2025/01/31 13:12:50 [notice] 30#30: gracefully shutting down
2025/01/31 13:12:50 [notice] 30#30: exiting
2025/01/31 13:12:50 [notice] 31#31: gracefully shutting down
2025/01/31 13:12:50 [notice] 31#31: exiting
2025/01/31 13:12:50 [notice] 30#30: exit
2025/01/31 13:12:50 [notice] 31#31: exit
2025/01/31 13:12:50 [notice] 1#1: signal 17 (SIGCHLD) received from 23
2025/01/31 13:12:50 [notice] 1#1: worker process 23 exited with code 0
2025/01/31 13:12:50 [notice] 1#1: signal 29 (SIGIO) received
2025/01/31 13:12:50 [notice] 1#1: signal 17 (SIGCHLD) received from 30
2025/01/31 13:12:50 [notice] 1#1: worker process 20 exited with code 0
2025/01/31 13:12:50 [notice] 1#1: worker process 30 exited with code 0
2025/01/31 13:12:50 [notice] 1#1: signal 29 (SIGIO) received
2025/01/31 13:12:50 [notice] 1#1: signal 17 (SIGCHLD) received from 26
2025/01/31 13:12:50 [notice] 1#1: worker process 26 exited with code 0
2025/01/31 13:12:50 [notice] 1#1: signal 29 (SIGIO) received
2025/01/31 13:12:50 [notice] 1#1: signal 17 (SIGCHLD) received from 25
2025/01/31 13:12:50 [notice] 1#1: worker process 25 exited with code 0
2025/01/31 13:12:50 [notice] 1#1: signal 29 (SIGIO) received
2025/01/31 13:12:50 [notice] 1#1: signal 17 (SIGCHLD) received from 22
2025/01/31 13:12:50 [notice] 1#1: worker process 22 exited with code 0
2025/01/31 13:12:50 [notice] 1#1: signal 29 (SIGIO) received
2025/01/31 13:12:50 [notice] 1#1: signal 17 (SIGCHLD) received from 24
2025/01/31 13:12:50 [notice] 1#1: worker process 21 exited with code 0
2025/01/31 13:12:50 [notice] 1#1: worker process 24 exited with code 0
2025/01/31 13:12:50 [notice] 1#1: signal 29 (SIGIO) received
2025/01/31 13:12:50 [notice] 1#1: signal 17 (SIGCHLD) received from 21
2025/01/31 13:12:50 [notice] 1#1: signal 17 (SIGCHLD) received from 31
2025/01/31 13:12:50 [notice] 1#1: worker process 31 exited with code 0
2025/01/31 13:12:50 [notice] 1#1: worker process 28 exited with code 0
2025/01/31 13:12:50 [notice] 1#1: signal 29 (SIGIO) received
2025/01/31 13:12:50 [notice] 1#1: signal 17 (SIGCHLD) received from 28
2025/01/31 13:12:50 [notice] 1#1: signal 17 (SIGCHLD) received from 27
2025/01/31 13:12:50 [notice] 1#1: worker process 27 exited with code 0
2025/01/31 13:12:50 [notice] 1#1: worker process 29 exited with code 0
2025/01/31 13:12:50 [notice] 1#1: exit
2025/01/31 13:13:20 [notice] 1#1: using the "epoll" event method
2025/01/31 13:13:20 [notice] 1#1: nginx/1.26.2
2025/01/31 13:13:20 [notice] 1#1: built by gcc 13.2.1 20240309 (Alpine 13.2.1_git20240309) 
2025/01/31 13:13:20 [notice] 1#1: OS: Linux 6.9.3-76060903-generic
2025/01/31 13:13:20 [notice] 1#1: getrlimit(RLIMIT_NOFILE): 1048576:1048576
2025/01/31 13:13:20 [notice] 1#1: start worker processes
2025/01/31 13:13:20 [notice] 1#1: start worker process 20
2025/01/31 13:13:20 [notice] 1#1: start worker process 21
2025/01/31 13:13:20 [notice] 1#1: start worker process 22
2025/01/31 13:13:20 [notice] 1#1: start worker process 23
2025/01/31 13:13:20 [notice] 1#1: start worker process 24
2025/01/31 13:13:20 [notice] 1#1: start worker process 25
2025/01/31 13:13:20 [notice] 1#1: start worker process 26
2025/01/31 13:13:20 [notice] 1#1: start worker process 27
2025/01/31 13:13:20 [notice] 1#1: start worker process 28
2025/01/31 13:13:20 [notice] 1#1: start worker process 29
2025/01/31 13:13:20 [notice] 1#1: start worker process 30
2025/01/31 13:13:20 [notice] 1#1: start worker process 31
2025/01/31 13:15:27 [notice] 1#1: signal 3 (SIGQUIT) received, shutting down
2025/01/31 13:15:27 [notice] 20#20: gracefully shutting down
2025/01/31 13:15:27 [notice] 21#21: gracefully shutting down
2025/01/31 13:15:27 [notice] 24#24: gracefully shutting down
2025/01/31 13:15:27 [notice] 23#23: gracefully shutting down
2025/01/31 13:15:27 [notice] 22#22: gracefully shutting down
2025/01/31 13:15:27 [notice] 25#25: gracefully shutting down
2025/01/31 13:15:27 [notice] 20#20: exiting
2025/01/31 13:15:27 [notice] 21#21: exiting
2025/01/31 13:15:27 [notice] 24#24: exiting
2025/01/31 13:15:27 [notice] 23#23: exiting
2025/01/31 13:15:27 [notice] 26#26: gracefully shutting down
2025/01/31 13:15:27 [notice] 22#22: exiting
2025/01/31 13:15:27 [notice] 25#25: exiting
2025/01/31 13:15:27 [notice] 26#26: exiting
2025/01/31 13:15:27 [notice] 27#27: gracefully shutting down
2025/01/31 13:15:27 [notice] 27#27: exiting
2025/01/31 13:15:27 [notice] 24#24: exit
2025/01/31 13:15:27 [notice] 21#21: exit
2025/01/31 13:15:27 [notice] 20#20: exit
2025/01/31 13:15:27 [notice] 23#23: exit
2025/01/31 13:15:27 [notice] 22#22: exit
2025/01/31 13:15:27 [notice] 25#25: exit
2025/01/31 13:15:27 [notice] 26#26: exit
2025/01/31 13:15:27 [notice] 27#27: exit
2025/01/31 13:15:27 [notice] 28#28: gracefully shutting down
2025/01/31 13:15:27 [notice] 28#28: exiting
2025/01/31 13:15:27 [notice] 29#29: gracefully shutting down
2025/01/31 13:15:27 [notice] 29#29: exiting
2025/01/31 13:15:27 [notice] 28#28: exit
2025/01/31 13:15:27 [notice] 29#29: exit
2025/01/31 13:15:27 [notice] 30#30: gracefully shutting down
2025/01/31 13:15:27 [notice] 31#31: gracefully shutting down
2025/01/31 13:15:27 [notice] 30#30: exiting
2025/01/31 13:15:27 [notice] 31#31: exiting
2025/01/31 13:15:27 [notice] 30#30: exit
2025/01/31 13:15:27 [notice] 31#31: exit
2025/01/31 13:15:27 [notice] 1#1: signal 17 (SIGCHLD) received from 20
2025/01/31 13:15:27 [notice] 1#1: worker process 20 exited with code 0
2025/01/31 13:15:27 [notice] 1#1: worker process 26 exited with code 0
2025/01/31 13:15:27 [notice] 1#1: signal 29 (SIGIO) received
2025/01/31 13:15:27 [notice] 1#1: signal 17 (SIGCHLD) received from 21
2025/01/31 13:15:27 [notice] 1#1: worker process 21 exited with code 0
2025/01/31 13:15:27 [notice] 1#1: worker process 23 exited with code 0
2025/01/31 13:15:27 [notice] 1#1: signal 29 (SIGIO) received
2025/01/31 13:15:27 [notice] 1#1: signal 17 (SIGCHLD) received from 23
2025/01/31 13:15:27 [notice] 1#1: signal 17 (SIGCHLD) received from 22
2025/01/31 13:15:27 [notice] 1#1: worker process 22 exited with code 0
2025/01/31 13:15:27 [notice] 1#1: signal 29 (SIGIO) received
2025/01/31 13:15:27 [notice] 1#1: signal 17 (SIGCHLD) received from 24
2025/01/31 13:15:27 [notice] 1#1: worker process 24 exited with code 0
2025/01/31 13:15:27 [notice] 1#1: worker process 25 exited with code 0
2025/01/31 13:15:27 [notice] 1#1: worker process 27 exited with code 0
2025/01/31 13:15:27 [notice] 1#1: signal 29 (SIGIO) received
2025/01/31 13:15:27 [notice] 1#1: signal 17 (SIGCHLD) received from 29
2025/01/31 13:15:27 [notice] 1#1: worker process 28 exited with code 0
2025/01/31 13:15:27 [notice] 1#1: worker process 29 exited with code 0
2025/01/31 13:15:27 [notice] 1#1: worker process 31 exited with code 0
2025/01/31 13:15:27 [notice] 1#1: signal 29 (SIGIO) received
2025/01/31 13:15:27 [notice] 1#1: signal 17 (SIGCHLD) received from 30
2025/01/31 13:15:27 [notice] 1#1: worker process 30 exited with code 0
2025/01/31 13:15:27 [notice] 1#1: exit
2025/01/31 13:16:54 [notice] 1#1: using the "epoll" event method
2025/01/31 13:16:54 [notice] 1#1: nginx/1.26.2
2025/01/31 13:16:54 [notice] 1#1: built by gcc 13.2.1 20240309 (Alpine 13.2.1_git20240309) 
2025/01/31 13:16:54 [notice] 1#1: OS: Linux 6.9.3-76060903-generic
2025/01/31 13:16:54 [notice] 1#1: getrlimit(RLIMIT_NOFILE): 1048576:1048576
2025/01/31 13:16:54 [notice] 1#1: start worker processes
2025/01/31 13:16:54 [notice] 1#1: start worker process 20
2025/01/31 13:16:54 [notice] 1#1: start worker process 21
2025/01/31 13:16:54 [notice] 1#1: start worker process 22
2025/01/31 13:16:54 [notice] 1#1: start worker process 23
2025/01/31 13:16:54 [notice] 1#1: start worker process 24
2025/01/31 13:16:54 [notice] 1#1: start worker process 25
2025/01/31 13:16:54 [notice] 1#1: start worker process 26
2025/01/31 13:16:54 [notice] 1#1: start worker process 27
2025/01/31 13:16:54 [notice] 1#1: start worker process 28
2025/01/31 13:16:54 [notice] 1#1: start worker process 29
2025/01/31 13:16:54 [notice] 1#1: start worker process 30
2025/01/31 13:16:54 [notice] 1#1: start worker process 31
2025/01/31 14:34:11 [notice] 1#1: signal 3 (SIGQUIT) received, shutting down
2025/01/31 14:34:11 [notice] 20#20: gracefully shutting down
2025/01/31 14:34:11 [notice] 25#25: gracefully shutting down
2025/01/31 14:34:11 [notice] 26#26: gracefully shutting down
2025/01/31 14:34:11 [notice] 27#27: gracefully shutting down
2025/01/31 14:34:11 [notice] 21#21: gracefully shutting down
2025/01/31 14:34:11 [notice] 28#28: gracefully shutting down
2025/01/31 14:34:11 [notice] 22#22: gracefully shutting down
2025/01/31 14:34:11 [notice] 23#23: gracefully shutting down
2025/01/31 14:34:11 [notice] 29#29: gracefully shutting down
2025/01/31 14:34:11 [notice] 24#24: gracefully shutting down
2025/01/31 14:34:11 [notice] 30#30: gracefully shutting down
2025/01/31 14:34:11 [notice] 25#25: exiting
2025/01/31 14:34:11 [notice] 26#26: exiting
2025/01/31 14:34:11 [notice] 27#27: exiting
2025/01/31 14:34:11 [notice] 28#28: exiting
2025/01/31 14:34:11 [notice] 23#23: exiting
2025/01/31 14:34:11 [notice] 29#29: exiting
2025/01/31 14:34:11 [notice] 24#24: exiting
2025/01/31 14:34:11 [notice] 30#30: exiting
2025/01/31 14:34:11 [notice] 31#31: gracefully shutting down
2025/01/31 14:34:11 [notice] 31#31: exiting
2025/01/31 14:34:11 [notice] 22#22: exiting
2025/01/31 14:34:11 [notice] 21#21: exiting
2025/01/31 14:34:11 [notice] 20#20: exiting
2025/01/31 14:34:11 [notice] 29#29: exit
2025/01/31 14:34:11 [notice] 20#20: exit
2025/01/31 14:34:11 [notice] 22#22: exit
2025/01/31 14:34:11 [notice] 21#21: exit
2025/01/31 14:34:11 [notice] 28#28: exit
2025/01/31 14:34:11 [notice] 25#25: exit
2025/01/31 14:34:11 [notice] 26#26: exit
2025/01/31 14:34:11 [notice] 24#24: exit
2025/01/31 14:34:11 [notice] 27#27: exit
2025/01/31 14:34:11 [notice] 30#30: exit
2025/01/31 14:34:11 [notice] 23#23: exit
2025/01/31 14:34:11 [notice] 31#31: exit
2025/01/31 14:34:11 [notice] 1#1: signal 17 (SIGCHLD) received from 30
2025/01/31 14:34:11 [notice] 1#1: worker process 29 exited with code 0
2025/01/31 14:34:11 [notice] 1#1: worker process 20 exited with code 0
2025/01/31 14:34:11 [notice] 1#1: worker process 21 exited with code 0
2025/01/31 14:34:11 [notice] 1#1: worker process 26 exited with code 0
2025/01/31 14:34:11 [notice] 1#1: worker process 27 exited with code 0
2025/01/31 14:34:11 [notice] 1#1: worker process 30 exited with code 0
2025/01/31 14:34:11 [notice] 1#1: signal 29 (SIGIO) received
2025/01/31 14:34:11 [notice] 1#1: signal 17 (SIGCHLD) received from 26
2025/01/31 14:34:11 [notice] 1#1: signal 17 (SIGCHLD) received from 31
2025/01/31 14:34:11 [notice] 1#1: worker process 31 exited with code 0
2025/01/31 14:34:11 [notice] 1#1: signal 29 (SIGIO) received
2025/01/31 14:34:11 [notice] 1#1: signal 17 (SIGCHLD) received from 22
2025/01/31 14:34:11 [notice] 1#1: worker process 22 exited with code 0
2025/01/31 14:34:11 [notice] 1#1: signal 29 (SIGIO) received
2025/01/31 14:34:11 [notice] 1#1: signal 17 (SIGCHLD) received from 25
2025/01/31 14:34:11 [notice] 1#1: worker process 25 exited with code 0
2025/01/31 14:34:11 [notice] 1#1: signal 29 (SIGIO) received
2025/01/31 14:34:11 [notice] 1#1: signal 17 (SIGCHLD) received from 23
2025/01/31 14:34:11 [notice] 1#1: worker process 23 exited with code 0
2025/01/31 14:34:11 [notice] 1#1: signal 29 (SIGIO) received
2025/01/31 14:34:11 [notice] 1#1: signal 17 (SIGCHLD) received from 28
2025/01/31 14:34:11 [notice] 1#1: worker process 28 exited with code 0
2025/01/31 14:34:11 [notice] 1#1: signal 17 (SIGCHLD) received from 24
2025/01/31 14:34:11 [notice] 1#1: worker process 24 exited with code 0
2025/01/31 14:34:11 [notice] 1#1: exit
2025/01/31 14:47:26 [notice] 1#1: using the "epoll" event method
2025/01/31 14:47:26 [notice] 1#1: nginx/1.26.2
2025/01/31 14:47:26 [notice] 1#1: built by gcc 13.2.1 20240309 (Alpine 13.2.1_git20240309) 
2025/01/31 14:47:26 [notice] 1#1: OS: Linux 6.9.3-76060903-generic
2025/01/31 14:47:26 [notice] 1#1: getrlimit(RLIMIT_NOFILE): 1048576:1048576
2025/01/31 14:47:26 [notice] 1#1: start worker processes
2025/01/31 14:47:26 [notice] 1#1: start worker process 20
2025/01/31 14:47:26 [notice] 1#1: start worker process 21
2025/01/31 14:47:26 [notice] 1#1: start worker process 22
2025/01/31 14:47:26 [notice] 1#1: start worker process 23
2025/01/31 14:47:26 [notice] 1#1: start worker process 24
2025/01/31 14:47:26 [notice] 1#1: start worker process 25
2025/01/31 14:47:26 [notice] 1#1: start worker process 26
2025/01/31 14:47:26 [notice] 1#1: start worker process 27
2025/01/31 14:47:26 [notice] 1#1: start worker process 28
2025/01/31 14:47:26 [notice] 1#1: start worker process 29
2025/01/31 14:47:26 [notice] 1#1: start worker process 30
2025/01/31 14:47:26 [notice] 1#1: start worker process 31
2025/01/31 14:54:00 [notice] 1#1: signal 3 (SIGQUIT) received, shutting down
2025/01/31 14:54:00 [notice] 20#20: gracefully shutting down
2025/01/31 14:54:00 [notice] 22#22: gracefully shutting down
2025/01/31 14:54:00 [notice] 23#23: gracefully shutting down
2025/01/31 14:54:00 [notice] 24#24: gracefully shutting down
2025/01/31 14:54:00 [notice] 26#26: gracefully shutting down
2025/01/31 14:54:00 [notice] 20#20: exiting
2025/01/31 14:54:00 [notice] 21#21: gracefully shutting down
2025/01/31 14:54:00 [notice] 27#27: gracefully shutting down
2025/01/31 14:54:00 [notice] 28#28: gracefully shutting down
2025/01/31 14:54:00 [notice] 22#22: exiting
2025/01/31 14:54:00 [notice] 23#23: exiting
2025/01/31 14:54:00 [notice] 24#24: exiting
2025/01/31 14:54:00 [notice] 26#26: exiting
2025/01/31 14:54:00 [notice] 25#25: gracefully shutting down
2025/01/31 14:54:00 [notice] 21#21: exiting
2025/01/31 14:54:00 [notice] 27#27: exiting
2025/01/31 14:54:00 [notice] 28#28: exiting
2025/01/31 14:54:00 [notice] 25#25: exiting
2025/01/31 14:54:00 [notice] 20#20: exit
2025/01/31 14:54:00 [notice] 29#29: gracefully shutting down
2025/01/31 14:54:00 [notice] 29#29: exiting
2025/01/31 14:54:00 [notice] 22#22: exit
2025/01/31 14:54:00 [notice] 26#26: exit
2025/01/31 14:54:00 [notice] 23#23: exit
2025/01/31 14:54:00 [notice] 21#21: exit
2025/01/31 14:54:00 [notice] 25#25: exit
2025/01/31 14:54:00 [notice] 24#24: exit
2025/01/31 14:54:00 [notice] 28#28: exit
2025/01/31 14:54:00 [notice] 27#27: exit
2025/01/31 14:54:00 [notice] 29#29: exit
2025/01/31 14:54:00 [notice] 31#31: gracefully shutting down
2025/01/31 14:54:00 [notice] 31#31: exiting
2025/01/31 14:54:00 [notice] 31#31: exit
2025/01/31 14:54:00 [notice] 30#30: gracefully shutting down
2025/01/31 14:54:00 [notice] 30#30: exiting
2025/01/31 14:54:00 [notice] 30#30: exit
2025/01/31 14:54:00 [notice] 1#1: signal 17 (SIGCHLD) received from 23
2025/01/31 14:54:00 [notice] 1#1: worker process 23 exited with code 0
2025/01/31 14:54:00 [notice] 1#1: signal 29 (SIGIO) received
2025/01/31 14:54:00 [notice] 1#1: signal 17 (SIGCHLD) received from 31
2025/01/31 14:54:00 [notice] 1#1: worker process 31 exited with code 0
2025/01/31 14:54:00 [notice] 1#1: signal 29 (SIGIO) received
2025/01/31 14:54:00 [notice] 1#1: signal 17 (SIGCHLD) received from 20
2025/01/31 14:54:00 [notice] 1#1: worker process 20 exited with code 0
2025/01/31 14:54:00 [notice] 1#1: worker process 22 exited with code 0
2025/01/31 14:54:00 [notice] 1#1: signal 29 (SIGIO) received
2025/01/31 14:54:00 [notice] 1#1: signal 17 (SIGCHLD) received from 22
2025/01/31 14:54:00 [notice] 1#1: signal 17 (SIGCHLD) received from 26
2025/01/31 14:54:00 [notice] 1#1: worker process 26 exited with code 0
2025/01/31 14:54:00 [notice] 1#1: signal 29 (SIGIO) received
2025/01/31 14:54:00 [notice] 1#1: signal 17 (SIGCHLD) received from 25
2025/01/31 14:54:00 [notice] 1#1: worker process 25 exited with code 0
2025/01/31 14:54:00 [notice] 1#1: worker process 27 exited with code 0
2025/01/31 14:54:00 [notice] 1#1: signal 29 (SIGIO) received
2025/01/31 14:54:00 [notice] 1#1: signal 17 (SIGCHLD) received from 24
2025/01/31 14:54:00 [notice] 1#1: worker process 24 exited with code 0
2025/01/31 14:54:00 [notice] 1#1: signal 29 (SIGIO) received
2025/01/31 14:54:00 [notice] 1#1: signal 17 (SIGCHLD) received from 30
2025/01/31 14:54:00 [notice] 1#1: worker process 30 exited with code 0
2025/01/31 14:54:00 [notice] 1#1: signal 29 (SIGIO) received
2025/01/31 14:54:00 [notice] 1#1: signal 17 (SIGCHLD) received from 28
2025/01/31 14:54:00 [notice] 1#1: worker process 28 exited with code 0
2025/01/31 14:54:00 [notice] 1#1: signal 29 (SIGIO) received
2025/01/31 14:54:00 [notice] 1#1: signal 17 (SIGCHLD) received from 21
2025/01/31 14:54:00 [notice] 1#1: worker process 21 exited with code 0
2025/01/31 14:54:00 [notice] 1#1: signal 29 (SIGIO) received
2025/01/31 14:54:00 [notice] 1#1: signal 17 (SIGCHLD) received from 29
2025/01/31 14:54:00 [notice] 1#1: worker process 29 exited with code 0
2025/01/31 14:54:00 [notice] 1#1: exit
2025/01/31 14:55:26 [notice] 1#1: using the "epoll" event method
2025/01/31 14:55:26 [notice] 1#1: nginx/1.26.2
2025/01/31 14:55:26 [notice] 1#1: built by gcc 13.2.1 20240309 (Alpine 13.2.1_git20240309) 
2025/01/31 14:55:26 [notice] 1#1: OS: Linux 6.9.3-76060903-generic
2025/01/31 14:55:26 [notice] 1#1: getrlimit(RLIMIT_NOFILE): 1048576:1048576
2025/01/31 14:55:26 [notice] 1#1: start worker processes
2025/01/31 14:55:26 [notice] 1#1: start worker process 20
2025/01/31 14:55:26 [notice] 1#1: start worker process 21
2025/01/31 14:55:26 [notice] 1#1: start worker process 22
2025/01/31 14:55:26 [notice] 1#1: start worker process 23
2025/01/31 14:55:26 [notice] 1#1: start worker process 24
2025/01/31 14:55:26 [notice] 1#1: start worker process 25
2025/01/31 14:55:26 [notice] 1#1: start worker process 26
2025/01/31 14:55:26 [notice] 1#1: start worker process 27
2025/01/31 14:55:26 [notice] 1#1: start worker process 28
2025/01/31 14:55:26 [notice] 1#1: start worker process 29
2025/01/31 14:55:26 [notice] 1#1: start worker process 30
2025/01/31 14:55:26 [notice] 1#1: start worker process 31
2025/01/31 15:05:03 [notice] 1#1: signal 3 (SIGQUIT) received, shutting down
2025/01/31 15:05:03 [notice] 20#20: gracefully shutting down
2025/01/31 15:05:03 [notice] 22#22: gracefully shutting down
2025/01/31 15:05:03 [notice] 23#23: gracefully shutting down
2025/01/31 15:05:03 [notice] 25#25: gracefully shutting down
2025/01/31 15:05:03 [notice] 21#21: gracefully shutting down
2025/01/31 15:05:03 [notice] 26#26: gracefully shutting down
2025/01/31 15:05:03 [notice] 20#20: exiting
2025/01/31 15:05:03 [notice] 27#27: gracefully shutting down
2025/01/31 15:05:03 [notice] 22#22: exiting
2025/01/31 15:05:03 [notice] 28#28: gracefully shutting down
2025/01/31 15:05:03 [notice] 30#30: gracefully shutting down
2025/01/31 15:05:03 [notice] 23#23: exiting
2025/01/31 15:05:03 [notice] 24#24: gracefully shutting down
2025/01/31 15:05:03 [notice] 25#25: exiting
2025/01/31 15:05:03 [notice] 21#21: exiting
2025/01/31 15:05:03 [notice] 26#26: exiting
2025/01/31 15:05:03 [notice] 27#27: exiting
2025/01/31 15:05:03 [notice] 28#28: exiting
2025/01/31 15:05:03 [notice] 24#24: exiting
2025/01/31 15:05:03 [notice] 20#20: exit
2025/01/31 15:05:03 [notice] 22#22: exit
2025/01/31 15:05:03 [notice] 23#23: exit
2025/01/31 15:05:03 [notice] 25#25: exit
2025/01/31 15:05:03 [notice] 24#24: exit
2025/01/31 15:05:03 [notice] 21#21: exit
2025/01/31 15:05:03 [notice] 26#26: exit
2025/01/31 15:05:03 [notice] 27#27: exit
2025/01/31 15:05:03 [notice] 31#31: gracefully shutting down
2025/01/31 15:05:03 [notice] 31#31: exiting
2025/01/31 15:05:03 [notice] 28#28: exit
2025/01/31 15:05:03 [notice] 31#31: exit
2025/01/31 15:05:03 [notice] 30#30: exiting
2025/01/31 15:05:03 [notice] 29#29: gracefully shutting down
2025/01/31 15:05:03 [notice] 29#29: exiting
2025/01/31 15:05:03 [notice] 30#30: exit
2025/01/31 15:05:03 [notice] 29#29: exit
2025/01/31 15:05:04 [notice] 1#1: signal 17 (SIGCHLD) received from 21
2025/01/31 15:05:04 [notice] 1#1: worker process 20 exited with code 0
2025/01/31 15:05:04 [notice] 1#1: worker process 21 exited with code 0
2025/01/31 15:05:04 [notice] 1#1: worker process 26 exited with code 0
2025/01/31 15:05:04 [notice] 1#1: signal 29 (SIGIO) received
2025/01/31 15:05:04 [notice] 1#1: signal 17 (SIGCHLD) received from 25
2025/01/31 15:05:04 [notice] 1#1: worker process 25 exited with code 0
2025/01/31 15:05:04 [notice] 1#1: worker process 28 exited with code 0
2025/01/31 15:05:04 [notice] 1#1: signal 29 (SIGIO) received
2025/01/31 15:05:04 [notice] 1#1: signal 17 (SIGCHLD) received from 28
2025/01/31 15:05:04 [notice] 1#1: worker process 23 exited with code 0
2025/01/31 15:05:04 [notice] 1#1: worker process 27 exited with code 0
2025/01/31 15:05:04 [notice] 1#1: worker process 29 exited with code 0
2025/01/31 15:05:04 [notice] 1#1: worker process 30 exited with code 0
2025/01/31 15:05:04 [notice] 1#1: signal 29 (SIGIO) received
2025/01/31 15:05:04 [notice] 1#1: signal 17 (SIGCHLD) received from 22
2025/01/31 15:05:04 [notice] 1#1: worker process 22 exited with code 0
2025/01/31 15:05:04 [notice] 1#1: signal 29 (SIGIO) received
2025/01/31 15:05:04 [notice] 1#1: signal 17 (SIGCHLD) received from 31
2025/01/31 15:05:04 [notice] 1#1: worker process 31 exited with code 0
2025/01/31 15:05:04 [notice] 1#1: signal 29 (SIGIO) received
2025/01/31 15:05:04 [notice] 1#1: signal 17 (SIGCHLD) received from 24
2025/01/31 15:05:04 [notice] 1#1: worker process 24 exited with code 0
2025/01/31 15:05:04 [notice] 1#1: exit
2025/01/31 15:05:59 [notice] 1#1: using the "epoll" event method
2025/01/31 15:05:59 [notice] 1#1: nginx/1.26.2
2025/01/31 15:05:59 [notice] 1#1: built by gcc 13.2.1 20240309 (Alpine 13.2.1_git20240309) 
2025/01/31 15:05:59 [notice] 1#1: OS: Linux 6.9.3-76060903-generic
2025/01/31 15:05:59 [notice] 1#1: getrlimit(RLIMIT_NOFILE): 1048576:1048576
2025/01/31 15:05:59 [notice] 1#1: start worker processes
2025/01/31 15:05:59 [notice] 1#1: start worker process 20
2025/01/31 15:05:59 [notice] 1#1: start worker process 21
2025/01/31 15:05:59 [notice] 1#1: start worker process 22
2025/01/31 15:05:59 [notice] 1#1: start worker process 23
2025/01/31 15:05:59 [notice] 1#1: start worker process 24
2025/01/31 15:05:59 [notice] 1#1: start worker process 25
2025/01/31 15:05:59 [notice] 1#1: start worker process 26
2025/01/31 15:05:59 [notice] 1#1: start worker process 27
2025/01/31 15:05:59 [notice] 1#1: start worker process 28
2025/01/31 15:05:59 [notice] 1#1: start worker process 29
2025/01/31 15:05:59 [notice] 1#1: start worker process 30
2025/01/31 15:05:59 [notice] 1#1: start worker process 31
2025/01/31 15:11:20 [notice] 1#1: signal 3 (SIGQUIT) received, shutting down
2025/01/31 15:11:20 [notice] 20#20: gracefully shutting down
2025/01/31 15:11:20 [notice] 21#21: gracefully shutting down
2025/01/31 15:11:20 [notice] 22#22: gracefully shutting down
2025/01/31 15:11:20 [notice] 24#24: gracefully shutting down
2025/01/31 15:11:20 [notice] 23#23: gracefully shutting down
2025/01/31 15:11:20 [notice] 25#25: gracefully shutting down
2025/01/31 15:11:20 [notice] 20#20: exiting
2025/01/31 15:11:20 [notice] 26#26: gracefully shutting down
2025/01/31 15:11:20 [notice] 27#27: gracefully shutting down
2025/01/31 15:11:20 [notice] 21#21: exiting
2025/01/31 15:11:20 [notice] 22#22: exiting
2025/01/31 15:11:20 [notice] 29#29: gracefully shutting down
2025/01/31 15:11:20 [notice] 24#24: exiting
2025/01/31 15:11:20 [notice] 23#23: exiting
2025/01/31 15:11:20 [notice] 25#25: exiting
2025/01/31 15:11:20 [notice] 26#26: exiting
2025/01/31 15:11:20 [notice] 27#27: exiting
2025/01/31 15:11:20 [notice] 29#29: exiting
2025/01/31 15:11:20 [notice] 28#28: gracefully shutting down
2025/01/31 15:11:20 [notice] 28#28: exiting
2025/01/31 15:11:20 [notice] 30#30: gracefully shutting down
2025/01/31 15:11:20 [notice] 30#30: exiting
2025/01/31 15:11:20 [notice] 25#25: exit
2025/01/31 15:11:20 [notice] 22#22: exit
2025/01/31 15:11:20 [notice] 20#20: exit
2025/01/31 15:11:20 [notice] 26#26: exit
2025/01/31 15:11:20 [notice] 21#21: exit
2025/01/31 15:11:20 [notice] 27#27: exit
2025/01/31 15:11:20 [notice] 29#29: exit
2025/01/31 15:11:20 [notice] 24#24: exit
2025/01/31 15:11:20 [notice] 28#28: exit
2025/01/31 15:11:20 [notice] 23#23: exit
2025/01/31 15:11:20 [notice] 30#30: exit
2025/01/31 15:11:20 [notice] 31#31: gracefully shutting down
2025/01/31 15:11:20 [notice] 31#31: exiting
2025/01/31 15:11:20 [notice] 31#31: exit
2025/01/31 15:11:20 [notice] 1#1: signal 17 (SIGCHLD) received from 21
2025/01/31 15:11:20 [notice] 1#1: worker process 21 exited with code 0
2025/01/31 15:11:20 [notice] 1#1: worker process 23 exited with code 0
2025/01/31 15:11:20 [notice] 1#1: signal 29 (SIGIO) received
2025/01/31 15:11:20 [notice] 1#1: signal 17 (SIGCHLD) received from 27
2025/01/31 15:11:20 [notice] 1#1: worker process 24 exited with code 0
2025/01/31 15:11:20 [notice] 1#1: worker process 27 exited with code 0
2025/01/31 15:11:20 [notice] 1#1: signal 29 (SIGIO) received
2025/01/31 15:11:20 [notice] 1#1: signal 17 (SIGCHLD) received from 22
2025/01/31 15:11:20 [notice] 1#1: worker process 20 exited with code 0
2025/01/31 15:11:20 [notice] 1#1: worker process 22 exited with code 0
2025/01/31 15:11:20 [notice] 1#1: worker process 26 exited with code 0
2025/01/31 15:11:20 [notice] 1#1: worker process 29 exited with code 0
2025/01/31 15:11:20 [notice] 1#1: worker process 30 exited with code 0
2025/01/31 15:11:20 [notice] 1#1: signal 29 (SIGIO) received
2025/01/31 15:11:20 [notice] 1#1: signal 17 (SIGCHLD) received from 20
2025/01/31 15:11:20 [notice] 1#1: signal 17 (SIGCHLD) received from 25
2025/01/31 15:11:20 [notice] 1#1: worker process 25 exited with code 0
2025/01/31 15:11:20 [notice] 1#1: signal 29 (SIGIO) received
2025/01/31 15:11:20 [notice] 1#1: signal 17 (SIGCHLD) received from 28
2025/01/31 15:11:20 [notice] 1#1: worker process 28 exited with code 0
2025/01/31 15:11:20 [notice] 1#1: signal 29 (SIGIO) received
2025/01/31 15:11:20 [notice] 1#1: signal 17 (SIGCHLD) received from 31
2025/01/31 15:11:20 [notice] 1#1: worker process 31 exited with code 0
2025/01/31 15:11:20 [notice] 1#1: exit
2025/01/31 15:12:38 [notice] 1#1: using the "epoll" event method
2025/01/31 15:12:38 [notice] 1#1: nginx/1.26.2
2025/01/31 15:12:38 [notice] 1#1: built by gcc 13.2.1 20240309 (Alpine 13.2.1_git20240309) 
2025/01/31 15:12:38 [notice] 1#1: OS: Linux 6.9.3-76060903-generic
2025/01/31 15:12:38 [notice] 1#1: getrlimit(RLIMIT_NOFILE): 1048576:1048576
2025/01/31 15:12:38 [notice] 1#1: start worker processes
2025/01/31 15:12:38 [notice] 1#1: start worker process 20
2025/01/31 15:12:38 [notice] 1#1: start worker process 21
2025/01/31 15:12:38 [notice] 1#1: start worker process 22
2025/01/31 15:12:38 [notice] 1#1: start worker process 23
2025/01/31 15:12:38 [notice] 1#1: start worker process 24
2025/01/31 15:12:38 [notice] 1#1: start worker process 25
2025/01/31 15:12:38 [notice] 1#1: start worker process 26
2025/01/31 15:12:38 [notice] 1#1: start worker process 27
2025/01/31 15:12:38 [notice] 1#1: start worker process 28
2025/01/31 15:12:38 [notice] 1#1: start worker process 29
2025/01/31 15:12:38 [notice] 1#1: start worker process 30
2025/01/31 15:12:38 [notice] 1#1: start worker process 31
2025/01/31 15:38:19 [notice] 1#1: signal 3 (SIGQUIT) received, shutting down
2025/01/31 15:38:19 [notice] 21#21: gracefully shutting down
2025/01/31 15:38:19 [notice] 20#20: gracefully shutting down
2025/01/31 15:38:19 [notice] 22#22: gracefully shutting down
2025/01/31 15:38:19 [notice] 23#23: gracefully shutting down
2025/01/31 15:38:19 [notice] 24#24: gracefully shutting down
2025/01/31 15:38:19 [notice] 26#26: gracefully shutting down
2025/01/31 15:38:19 [notice] 21#21: exiting
2025/01/31 15:38:19 [notice] 27#27: gracefully shutting down
2025/01/31 15:38:19 [notice] 20#20: exiting
2025/01/31 15:38:19 [notice] 22#22: exiting
2025/01/31 15:38:19 [notice] 30#30: gracefully shutting down
2025/01/31 15:38:19 [notice] 23#23: exiting
2025/01/31 15:38:19 [notice] 24#24: exiting
2025/01/31 15:38:19 [notice] 26#26: exiting
2025/01/31 15:38:19 [notice] 27#27: exiting
2025/01/31 15:38:19 [notice] 30#30: exiting
2025/01/31 15:38:19 [notice] 25#25: gracefully shutting down
2025/01/31 15:38:19 [notice] 20#20: exit
2025/01/31 15:38:19 [notice] 22#22: exit
2025/01/31 15:38:19 [notice] 26#26: exit
2025/01/31 15:38:19 [notice] 23#23: exit
2025/01/31 15:38:19 [notice] 31#31: gracefully shutting down
2025/01/31 15:38:19 [notice] 24#24: exit
2025/01/31 15:38:19 [notice] 27#27: exit
2025/01/31 15:38:19 [notice] 30#30: exit
2025/01/31 15:38:19 [notice] 25#25: exiting
2025/01/31 15:38:19 [notice] 31#31: exiting
2025/01/31 15:38:19 [notice] 29#29: gracefully shutting down
2025/01/31 15:38:19 [notice] 29#29: exiting
2025/01/31 15:38:19 [notice] 25#25: exit
2025/01/31 15:38:19 [notice] 31#31: exit
2025/01/31 15:38:19 [notice] 29#29: exit
2025/01/31 15:38:19 [notice] 28#28: gracefully shutting down
2025/01/31 15:38:19 [notice] 28#28: exiting
2025/01/31 15:38:19 [notice] 28#28: exit
2025/01/31 15:38:19 [notice] 21#21: exit
2025/01/31 15:38:19 [notice] 1#1: signal 17 (SIGCHLD) received from 22
2025/01/31 15:38:19 [notice] 1#1: worker process 22 exited with code 0
2025/01/31 15:38:19 [notice] 1#1: worker process 24 exited with code 0
2025/01/31 15:38:19 [notice] 1#1: worker process 25 exited with code 0
2025/01/31 15:38:19 [notice] 1#1: worker process 28 exited with code 0
2025/01/31 15:38:19 [notice] 1#1: signal 29 (SIGIO) received
2025/01/31 15:38:19 [notice] 1#1: signal 17 (SIGCHLD) received from 25
2025/01/31 15:38:19 [notice] 1#1: signal 17 (SIGCHLD) received from 31
2025/01/31 15:38:19 [notice] 1#1: worker process 31 exited with code 0
2025/01/31 15:38:19 [notice] 1#1: signal 29 (SIGIO) received
2025/01/31 15:38:19 [notice] 1#1: signal 17 (SIGCHLD) received from 21
2025/01/31 15:38:19 [notice] 1#1: worker process 21 exited with code 0
2025/01/31 15:38:19 [notice] 1#1: signal 29 (SIGIO) received
2025/01/31 15:38:19 [notice] 1#1: signal 17 (SIGCHLD) received from 29
2025/01/31 15:38:19 [notice] 1#1: worker process 20 exited with code 0
2025/01/31 15:38:19 [notice] 1#1: worker process 26 exited with code 0
2025/01/31 15:38:19 [notice] 1#1: worker process 29 exited with code 0
2025/01/31 15:38:19 [notice] 1#1: signal 29 (SIGIO) received
2025/01/31 15:38:19 [notice] 1#1: signal 17 (SIGCHLD) received from 20
2025/01/31 15:38:19 [notice] 1#1: signal 17 (SIGCHLD) received from 23
2025/01/31 15:38:19 [notice] 1#1: worker process 23 exited with code 0
2025/01/31 15:38:19 [notice] 1#1: worker process 30 exited with code 0
2025/01/31 15:38:19 [notice] 1#1: signal 29 (SIGIO) received
2025/01/31 15:38:19 [notice] 1#1: signal 17 (SIGCHLD) received from 30
2025/01/31 15:38:19 [notice] 1#1: signal 17 (SIGCHLD) received from 27
2025/01/31 15:38:19 [notice] 1#1: worker process 27 exited with code 0
2025/01/31 15:38:19 [notice] 1#1: exit
2025/01/31 15:38:48 [notice] 1#1: using the "epoll" event method
2025/01/31 15:38:48 [notice] 1#1: nginx/1.26.2
2025/01/31 15:38:48 [notice] 1#1: built by gcc 13.2.1 20240309 (Alpine 13.2.1_git20240309) 
2025/01/31 15:38:48 [notice] 1#1: OS: Linux 6.9.3-76060903-generic
2025/01/31 15:38:48 [notice] 1#1: getrlimit(RLIMIT_NOFILE): 1048576:1048576
2025/01/31 15:38:48 [notice] 1#1: start worker processes
2025/01/31 15:38:48 [notice] 1#1: start worker process 20
2025/01/31 15:38:48 [notice] 1#1: start worker process 21
2025/01/31 15:38:48 [notice] 1#1: start worker process 22
2025/01/31 15:38:48 [notice] 1#1: start worker process 23
2025/01/31 15:38:48 [notice] 1#1: start worker process 24
2025/01/31 15:38:48 [notice] 1#1: start worker process 25
2025/01/31 15:38:48 [notice] 1#1: start worker process 26
2025/01/31 15:38:48 [notice] 1#1: start worker process 27
2025/01/31 15:38:48 [notice] 1#1: start worker process 28
2025/01/31 15:38:48 [notice] 1#1: start worker process 29
2025/01/31 15:38:48 [notice] 1#1: start worker process 30
2025/01/31 15:38:48 [notice] 1#1: start worker process 31
2025/01/31 15:56:00 [notice] 1#1: signal 3 (SIGQUIT) received, shutting down
2025/01/31 15:56:00 [notice] 25#25: gracefully shutting down
2025/01/31 15:56:00 [notice] 20#20: gracefully shutting down
2025/01/31 15:56:00 [notice] 21#21: gracefully shutting down
2025/01/31 15:56:00 [notice] 27#27: gracefully shutting down
2025/01/31 15:56:00 [notice] 29#29: gracefully shutting down
2025/01/31 15:56:00 [notice] 22#22: gracefully shutting down
2025/01/31 15:56:00 [notice] 25#25: exiting
2025/01/31 15:56:00 [notice] 30#30: gracefully shutting down
2025/01/31 15:56:00 [notice] 20#20: exiting
2025/01/31 15:56:00 [notice] 21#21: exiting
2025/01/31 15:56:00 [notice] 27#27: exiting
2025/01/31 15:56:00 [notice] 29#29: exiting
2025/01/31 15:56:00 [notice] 22#22: exiting
2025/01/31 15:56:00 [notice] 30#30: exiting
2025/01/31 15:56:00 [notice] 23#23: gracefully shutting down
2025/01/31 15:56:00 [notice] 23#23: exiting
2025/01/31 15:56:00 [notice] 25#25: exit
2025/01/31 15:56:00 [notice] 21#21: exit
2025/01/31 15:56:00 [notice] 27#27: exit
2025/01/31 15:56:00 [notice] 22#22: exit
2025/01/31 15:56:00 [notice] 20#20: exit
2025/01/31 15:56:00 [notice] 29#29: exit
2025/01/31 15:56:00 [notice] 30#30: exit
2025/01/31 15:56:00 [notice] 24#24: gracefully shutting down
2025/01/31 15:56:00 [notice] 23#23: exit
2025/01/31 15:56:00 [notice] 24#24: exiting
2025/01/31 15:56:00 [notice] 26#26: gracefully shutting down
2025/01/31 15:56:00 [notice] 24#24: exit
2025/01/31 15:56:00 [notice] 26#26: exiting
2025/01/31 15:56:00 [notice] 28#28: gracefully shutting down
2025/01/31 15:56:00 [notice] 28#28: exiting
2025/01/31 15:56:00 [notice] 26#26: exit
2025/01/31 15:56:00 [notice] 28#28: exit
2025/01/31 15:56:00 [notice] 31#31: gracefully shutting down
2025/01/31 15:56:00 [notice] 31#31: exiting
2025/01/31 15:56:00 [notice] 31#31: exit
2025/01/31 15:56:01 [notice] 1#1: signal 17 (SIGCHLD) received from 28
2025/01/31 15:56:01 [notice] 1#1: worker process 28 exited with code 0
2025/01/31 15:56:01 [notice] 1#1: signal 29 (SIGIO) received
2025/01/31 15:56:01 [notice] 1#1: signal 17 (SIGCHLD) received from 23
2025/01/31 15:56:01 [notice] 1#1: worker process 22 exited with code 0
2025/01/31 15:56:01 [notice] 1#1: worker process 23 exited with code 0
2025/01/31 15:56:01 [notice] 1#1: signal 29 (SIGIO) received
2025/01/31 15:56:01 [notice] 1#1: signal 17 (SIGCHLD) received from 22
2025/01/31 15:56:01 [notice] 1#1: signal 17 (SIGCHLD) received from 30
2025/01/31 15:56:01 [notice] 1#1: worker process 30 exited with code 0
2025/01/31 15:56:01 [notice] 1#1: signal 29 (SIGIO) received
2025/01/31 15:56:01 [notice] 1#1: signal 17 (SIGCHLD) received from 24
2025/01/31 15:56:01 [notice] 1#1: worker process 21 exited with code 0
2025/01/31 15:56:01 [notice] 1#1: worker process 24 exited with code 0
2025/01/31 15:56:01 [notice] 1#1: signal 29 (SIGIO) received
2025/01/31 15:56:01 [notice] 1#1: signal 17 (SIGCHLD) received from 21
2025/01/31 15:56:01 [notice] 1#1: signal 17 (SIGCHLD) received from 27
2025/01/31 15:56:01 [notice] 1#1: worker process 27 exited with code 0
2025/01/31 15:56:01 [notice] 1#1: signal 29 (SIGIO) received
2025/01/31 15:56:01 [notice] 1#1: signal 17 (SIGCHLD) received from 25
2025/01/31 15:56:01 [notice] 1#1: worker process 25 exited with code 0
2025/01/31 15:56:01 [notice] 1#1: signal 29 (SIGIO) received
2025/01/31 15:56:01 [notice] 1#1: signal 17 (SIGCHLD) received from 29
2025/01/31 15:56:01 [notice] 1#1: worker process 29 exited with code 0
2025/01/31 15:56:01 [notice] 1#1: signal 29 (SIGIO) received
2025/01/31 15:56:01 [notice] 1#1: signal 17 (SIGCHLD) received from 26
2025/01/31 15:56:01 [notice] 1#1: worker process 26 exited with code 0
2025/01/31 15:56:01 [notice] 1#1: signal 29 (SIGIO) received
2025/01/31 15:56:01 [notice] 1#1: signal 17 (SIGCHLD) received from 31
2025/01/31 15:56:01 [notice] 1#1: worker process 31 exited with code 0
2025/01/31 15:56:01 [notice] 1#1: signal 29 (SIGIO) received
2025/01/31 15:56:01 [notice] 1#1: signal 17 (SIGCHLD) received from 20
2025/01/31 15:56:01 [notice] 1#1: worker process 20 exited with code 0
2025/01/31 15:56:01 [notice] 1#1: exit
2025/01/31 15:57:14 [notice] 1#1: using the "epoll" event method
2025/01/31 15:57:14 [notice] 1#1: nginx/1.26.2
2025/01/31 15:57:14 [notice] 1#1: built by gcc 13.2.1 20240309 (Alpine 13.2.1_git20240309) 
2025/01/31 15:57:14 [notice] 1#1: OS: Linux 6.9.3-76060903-generic
2025/01/31 15:57:14 [notice] 1#1: getrlimit(RLIMIT_NOFILE): 1048576:1048576
2025/01/31 15:57:14 [notice] 1#1: start worker processes
2025/01/31 15:57:14 [notice] 1#1: start worker process 20
2025/01/31 15:57:14 [notice] 1#1: start worker process 21
2025/01/31 15:57:14 [notice] 1#1: start worker process 22
2025/01/31 15:57:14 [notice] 1#1: start worker process 23
2025/01/31 15:57:14 [notice] 1#1: start worker process 24
2025/01/31 15:57:14 [notice] 1#1: start worker process 25
2025/01/31 15:57:14 [notice] 1#1: start worker process 26
2025/01/31 15:57:14 [notice] 1#1: start worker process 27
2025/01/31 15:57:14 [notice] 1#1: start worker process 28
2025/01/31 15:57:14 [notice] 1#1: start worker process 29
2025/01/31 15:57:14 [notice] 1#1: start worker process 30
2025/01/31 15:57:14 [notice] 1#1: start worker process 31
2025/01/31 16:03:22 [notice] 1#1: signal 3 (SIGQUIT) received, shutting down
2025/01/31 16:03:22 [notice] 20#20: gracefully shutting down
2025/01/31 16:03:22 [notice] 21#21: gracefully shutting down
2025/01/31 16:03:22 [notice] 23#23: gracefully shutting down
2025/01/31 16:03:22 [notice] 24#24: gracefully shutting down
2025/01/31 16:03:22 [notice] 27#27: gracefully shutting down
2025/01/31 16:03:22 [notice] 20#20: exiting
2025/01/31 16:03:22 [notice] 21#21: exiting
2025/01/31 16:03:22 [notice] 28#28: gracefully shutting down
2025/01/31 16:03:22 [notice] 25#25: gracefully shutting down
2025/01/31 16:03:22 [notice] 29#29: gracefully shutting down
2025/01/31 16:03:22 [notice] 23#23: exiting
2025/01/31 16:03:22 [notice] 24#24: exiting
2025/01/31 16:03:22 [notice] 27#27: exiting
2025/01/31 16:03:22 [notice] 28#28: exiting
2025/01/31 16:03:22 [notice] 25#25: exiting
2025/01/31 16:03:22 [notice] 29#29: exiting
2025/01/31 16:03:22 [notice] 31#31: gracefully shutting down
2025/01/31 16:03:22 [notice] 31#31: exiting
2025/01/31 16:03:22 [notice] 21#21: exit
2025/01/31 16:03:22 [notice] 20#20: exit
2025/01/31 16:03:22 [notice] 24#24: exit
2025/01/31 16:03:22 [notice] 25#25: exit
2025/01/31 16:03:22 [notice] 23#23: exit
2025/01/31 16:03:22 [notice] 28#28: exit
2025/01/31 16:03:22 [notice] 29#29: exit
2025/01/31 16:03:22 [notice] 27#27: exit
2025/01/31 16:03:22 [notice] 31#31: exit
2025/01/31 16:03:22 [notice] 22#22: gracefully shutting down
2025/01/31 16:03:22 [notice] 22#22: exiting
2025/01/31 16:03:22 [notice] 22#22: exit
2025/01/31 16:03:22 [notice] 26#26: gracefully shutting down
2025/01/31 16:03:22 [notice] 26#26: exiting
2025/01/31 16:03:22 [notice] 26#26: exit
2025/01/31 16:03:22 [notice] 30#30: gracefully shutting down
2025/01/31 16:03:22 [notice] 30#30: exiting
2025/01/31 16:03:22 [notice] 30#30: exit
2025/01/31 16:03:22 [notice] 1#1: signal 17 (SIGCHLD) received from 20
2025/01/31 16:03:22 [notice] 1#1: worker process 20 exited with code 0
2025/01/31 16:03:22 [notice] 1#1: worker process 22 exited with code 0
2025/01/31 16:03:22 [notice] 1#1: worker process 29 exited with code 0
2025/01/31 16:03:22 [notice] 1#1: signal 29 (SIGIO) received
2025/01/31 16:03:22 [notice] 1#1: signal 17 (SIGCHLD) received from 22
2025/01/31 16:03:22 [notice] 1#1: signal 17 (SIGCHLD) received from 26
2025/01/31 16:03:22 [notice] 1#1: worker process 26 exited with code 0
2025/01/31 16:03:22 [notice] 1#1: signal 29 (SIGIO) received
2025/01/31 16:03:22 [notice] 1#1: signal 17 (SIGCHLD) received from 23
2025/01/31 16:03:22 [notice] 1#1: worker process 23 exited with code 0
2025/01/31 16:03:22 [notice] 1#1: signal 29 (SIGIO) received
2025/01/31 16:03:22 [notice] 1#1: signal 17 (SIGCHLD) received from 31
2025/01/31 16:03:22 [notice] 1#1: worker process 21 exited with code 0
2025/01/31 16:03:22 [notice] 1#1: worker process 25 exited with code 0
2025/01/31 16:03:22 [notice] 1#1: worker process 27 exited with code 0
2025/01/31 16:03:22 [notice] 1#1: worker process 31 exited with code 0
2025/01/31 16:03:22 [notice] 1#1: signal 29 (SIGIO) received
2025/01/31 16:03:22 [notice] 1#1: signal 17 (SIGCHLD) received from 28
2025/01/31 16:03:22 [notice] 1#1: worker process 24 exited with code 0
2025/01/31 16:03:22 [notice] 1#1: worker process 28 exited with code 0
2025/01/31 16:03:22 [notice] 1#1: signal 17 (SIGCHLD) received from 30
2025/01/31 16:03:22 [notice] 1#1: worker process 30 exited with code 0
2025/01/31 16:03:22 [notice] 1#1: exit
2025/01/31 16:04:33 [notice] 1#1: using the "epoll" event method
2025/01/31 16:04:33 [notice] 1#1: nginx/1.26.2
2025/01/31 16:04:33 [notice] 1#1: built by gcc 13.2.1 20240309 (Alpine 13.2.1_git20240309) 
2025/01/31 16:04:33 [notice] 1#1: OS: Linux 6.9.3-76060903-generic
2025/01/31 16:04:33 [notice] 1#1: getrlimit(RLIMIT_NOFILE): 1048576:1048576
2025/01/31 16:04:33 [notice] 1#1: start worker processes
2025/01/31 16:04:33 [notice] 1#1: start worker process 20
2025/01/31 16:04:33 [notice] 1#1: start worker process 21
2025/01/31 16:04:33 [notice] 1#1: start worker process 22
2025/01/31 16:04:33 [notice] 1#1: start worker process 23
2025/01/31 16:04:33 [notice] 1#1: start worker process 24
2025/01/31 16:04:33 [notice] 1#1: start worker process 25
2025/01/31 16:04:33 [notice] 1#1: start worker process 26
2025/01/31 16:04:33 [notice] 1#1: start worker process 27
2025/01/31 16:04:33 [notice] 1#1: start worker process 28
2025/01/31 16:04:33 [notice] 1#1: start worker process 29
2025/01/31 16:04:33 [notice] 1#1: start worker process 30
2025/01/31 16:04:33 [notice] 1#1: start worker process 31
2025/01/31 16:20:26 [notice] 1#1: signal 3 (SIGQUIT) received, shutting down
2025/01/31 16:20:26 [notice] 20#20: gracefully shutting down
2025/01/31 16:20:26 [notice] 21#21: gracefully shutting down
2025/01/31 16:20:26 [notice] 22#22: gracefully shutting down
2025/01/31 16:20:26 [notice] 24#24: gracefully shutting down
2025/01/31 16:20:26 [notice] 23#23: gracefully shutting down
2025/01/31 16:20:26 [notice] 25#25: gracefully shutting down
2025/01/31 16:20:26 [notice] 26#26: gracefully shutting down
2025/01/31 16:20:26 [notice] 20#20: exiting
2025/01/31 16:20:26 [notice] 21#21: exiting
2025/01/31 16:20:26 [notice] 22#22: exiting
2025/01/31 16:20:26 [notice] 30#30: gracefully shutting down
2025/01/31 16:20:26 [notice] 24#24: exiting
2025/01/31 16:20:26 [notice] 23#23: exiting
2025/01/31 16:20:26 [notice] 25#25: exiting
2025/01/31 16:20:26 [notice] 26#26: exiting
2025/01/31 16:20:26 [notice] 30#30: exiting
2025/01/31 16:20:26 [notice] 28#28: gracefully shutting down
2025/01/31 16:20:26 [notice] 28#28: exiting
2025/01/31 16:20:26 [notice] 20#20: exit
2025/01/31 16:20:26 [notice] 24#24: exit
2025/01/31 16:20:26 [notice] 25#25: exit
2025/01/31 16:20:26 [notice] 21#21: exit
2025/01/31 16:20:26 [notice] 23#23: exit
2025/01/31 16:20:26 [notice] 22#22: exit
2025/01/31 16:20:26 [notice] 30#30: exit
2025/01/31 16:20:26 [notice] 26#26: exit
2025/01/31 16:20:26 [notice] 31#31: gracefully shutting down
2025/01/31 16:20:26 [notice] 31#31: exiting
2025/01/31 16:20:26 [notice] 28#28: exit
2025/01/31 16:20:26 [notice] 31#31: exit
2025/01/31 16:20:26 [notice] 27#27: gracefully shutting down
2025/01/31 16:20:26 [notice] 29#29: gracefully shutting down
2025/01/31 16:20:26 [notice] 27#27: exiting
2025/01/31 16:20:26 [notice] 29#29: exiting
2025/01/31 16:20:26 [notice] 27#27: exit
2025/01/31 16:20:26 [notice] 29#29: exit
2025/01/31 16:20:26 [notice] 1#1: signal 17 (SIGCHLD) received from 24
2025/01/31 16:20:26 [notice] 1#1: worker process 24 exited with code 0
2025/01/31 16:20:26 [notice] 1#1: signal 29 (SIGIO) received
2025/01/31 16:20:26 [notice] 1#1: signal 17 (SIGCHLD) received from 25
2025/01/31 16:20:26 [notice] 1#1: worker process 21 exited with code 0
2025/01/31 16:20:26 [notice] 1#1: worker process 20 exited with code 0
2025/01/31 16:20:26 [notice] 1#1: worker process 22 exited with code 0
2025/01/31 16:20:26 [notice] 1#1: worker process 23 exited with code 0
2025/01/31 16:20:26 [notice] 1#1: worker process 25 exited with code 0
2025/01/31 16:20:26 [notice] 1#1: worker process 26 exited with code 0
2025/01/31 16:20:26 [notice] 1#1: signal 29 (SIGIO) received
2025/01/31 16:20:26 [notice] 1#1: signal 17 (SIGCHLD) received from 21
2025/01/31 16:20:26 [notice] 1#1: worker process 29 exited with code 0
2025/01/31 16:20:26 [notice] 1#1: signal 29 (SIGIO) received
2025/01/31 16:20:26 [notice] 1#1: signal 17 (SIGCHLD) received from 28
2025/01/31 16:20:26 [notice] 1#1: worker process 28 exited with code 0
2025/01/31 16:20:26 [notice] 1#1: signal 29 (SIGIO) received
2025/01/31 16:20:26 [notice] 1#1: signal 17 (SIGCHLD) received from 31
2025/01/31 16:20:26 [notice] 1#1: worker process 30 exited with code 0
2025/01/31 16:20:26 [notice] 1#1: worker process 31 exited with code 0
2025/01/31 16:20:26 [notice] 1#1: signal 29 (SIGIO) received
2025/01/31 16:20:26 [notice] 1#1: signal 17 (SIGCHLD) received from 27
2025/01/31 16:20:26 [notice] 1#1: worker process 27 exited with code 0
2025/01/31 16:20:26 [notice] 1#1: exit
2025/01/31 16:20:42 [notice] 1#1: using the "epoll" event method
2025/01/31 16:20:42 [notice] 1#1: nginx/1.26.2
2025/01/31 16:20:42 [notice] 1#1: built by gcc 13.2.1 20240309 (Alpine 13.2.1_git20240309) 
2025/01/31 16:20:42 [notice] 1#1: OS: Linux 6.9.3-76060903-generic
2025/01/31 16:20:42 [notice] 1#1: getrlimit(RLIMIT_NOFILE): 1048576:1048576
2025/01/31 16:20:42 [notice] 1#1: start worker processes
2025/01/31 16:20:42 [notice] 1#1: start worker process 20
2025/01/31 16:20:42 [notice] 1#1: start worker process 21
2025/01/31 16:20:42 [notice] 1#1: start worker process 22
2025/01/31 16:20:42 [notice] 1#1: start worker process 23
2025/01/31 16:20:42 [notice] 1#1: start worker process 24
2025/01/31 16:20:42 [notice] 1#1: start worker process 25
2025/01/31 16:20:42 [notice] 1#1: start worker process 26
2025/01/31 16:20:42 [notice] 1#1: start worker process 27
2025/01/31 16:20:42 [notice] 1#1: start worker process 28
2025/01/31 16:20:42 [notice] 1#1: start worker process 29
2025/01/31 16:20:42 [notice] 1#1: start worker process 30
2025/01/31 16:20:42 [notice] 1#1: start worker process 31
2025/01/31 16:34:20 [notice] 1#1: signal 3 (SIGQUIT) received, shutting down
2025/01/31 16:34:20 [notice] 20#20: gracefully shutting down
2025/01/31 16:34:20 [notice] 21#21: gracefully shutting down
2025/01/31 16:34:20 [notice] 22#22: gracefully shutting down
2025/01/31 16:34:20 [notice] 24#24: gracefully shutting down
2025/01/31 16:34:20 [notice] 23#23: gracefully shutting down
2025/01/31 16:34:20 [notice] 20#20: exiting
2025/01/31 16:34:20 [notice] 26#26: gracefully shutting down
2025/01/31 16:34:20 [notice] 25#25: gracefully shutting down
2025/01/31 16:34:20 [notice] 21#21: exiting
2025/01/31 16:34:20 [notice] 22#22: exiting
2025/01/31 16:34:20 [notice] 24#24: exiting
2025/01/31 16:34:20 [notice] 23#23: exiting
2025/01/31 16:34:20 [notice] 25#25: exiting
2025/01/31 16:34:20 [notice] 27#27: gracefully shutting down
2025/01/31 16:34:20 [notice] 28#28: gracefully shutting down
2025/01/31 16:34:20 [notice] 27#27: exiting
2025/01/31 16:34:20 [notice] 28#28: exiting
2025/01/31 16:34:20 [notice] 24#24: exit
2025/01/31 16:34:20 [notice] 23#23: exit
2025/01/31 16:34:20 [notice] 22#22: exit
2025/01/31 16:34:20 [notice] 25#25: exit
2025/01/31 16:34:20 [notice] 20#20: exit
2025/01/31 16:34:20 [notice] 29#29: gracefully shutting down
2025/01/31 16:34:20 [notice] 29#29: exiting
2025/01/31 16:34:20 [notice] 30#30: gracefully shutting down
2025/01/31 16:34:20 [notice] 28#28: exit
2025/01/31 16:34:20 [notice] 30#30: exiting
2025/01/31 16:34:20 [notice] 27#27: exit
2025/01/31 16:34:20 [notice] 29#29: exit
2025/01/31 16:34:20 [notice] 30#30: exit
2025/01/31 16:34:20 [notice] 31#31: gracefully shutting down
2025/01/31 16:34:20 [notice] 31#31: exiting
2025/01/31 16:34:20 [notice] 31#31: exit
2025/01/31 16:34:20 [notice] 21#21: exit
2025/01/31 16:34:20 [notice] 26#26: exiting
2025/01/31 16:34:20 [notice] 26#26: exit
2025/01/31 16:34:20 [notice] 1#1: signal 17 (SIGCHLD) received from 20
2025/01/31 16:34:20 [notice] 1#1: worker process 20 exited with code 0
2025/01/31 16:34:20 [notice] 1#1: worker process 30 exited with code 0
2025/01/31 16:34:20 [notice] 1#1: worker process 31 exited with code 0
2025/01/31 16:34:20 [notice] 1#1: signal 29 (SIGIO) received
2025/01/31 16:34:20 [notice] 1#1: signal 17 (SIGCHLD) received from 30
2025/01/31 16:34:20 [notice] 1#1: signal 17 (SIGCHLD) received from 25
2025/01/31 16:34:20 [notice] 1#1: worker process 25 exited with code 0
2025/01/31 16:34:20 [notice] 1#1: worker process 28 exited with code 0
2025/01/31 16:34:20 [notice] 1#1: worker process 29 exited with code 0
2025/01/31 16:34:20 [notice] 1#1: signal 29 (SIGIO) received
2025/01/31 16:34:20 [notice] 1#1: signal 17 (SIGCHLD) received from 29
2025/01/31 16:34:20 [notice] 1#1: signal 17 (SIGCHLD) received from 27
2025/01/31 16:34:20 [notice] 1#1: worker process 27 exited with code 0
2025/01/31 16:34:20 [notice] 1#1: worker process 22 exited with code 0
2025/01/31 16:34:20 [notice] 1#1: worker process 26 exited with code 0
2025/01/31 16:34:20 [notice] 1#1: signal 29 (SIGIO) received
2025/01/31 16:34:20 [notice] 1#1: signal 17 (SIGCHLD) received from 22
2025/01/31 16:34:20 [notice] 1#1: signal 17 (SIGCHLD) received from 23
2025/01/31 16:34:20 [notice] 1#1: worker process 21 exited with code 0
2025/01/31 16:34:20 [notice] 1#1: worker process 23 exited with code 0
2025/01/31 16:34:20 [notice] 1#1: signal 17 (SIGCHLD) received from 24
2025/01/31 16:34:20 [notice] 1#1: worker process 24 exited with code 0
2025/01/31 16:34:20 [notice] 1#1: exit
2025/01/31 16:53:57 [notice] 1#1: using the "epoll" event method
2025/01/31 16:53:57 [notice] 1#1: nginx/1.26.2
2025/01/31 16:53:57 [notice] 1#1: built by gcc 13.2.1 20240309 (Alpine 13.2.1_git20240309) 
2025/01/31 16:53:57 [notice] 1#1: OS: Linux 6.9.3-76060903-generic
2025/01/31 16:53:57 [notice] 1#1: getrlimit(RLIMIT_NOFILE): 1048576:1048576
2025/01/31 16:53:57 [notice] 1#1: start worker processes
2025/01/31 16:53:57 [notice] 1#1: start worker process 20
2025/01/31 16:53:57 [notice] 1#1: start worker process 21
2025/01/31 16:53:57 [notice] 1#1: start worker process 22
2025/01/31 16:53:57 [notice] 1#1: start worker process 23
2025/01/31 16:53:57 [notice] 1#1: start worker process 24
2025/01/31 16:53:57 [notice] 1#1: start worker process 25
2025/01/31 16:53:57 [notice] 1#1: start worker process 26
2025/01/31 16:53:57 [notice] 1#1: start worker process 27
2025/01/31 16:53:57 [notice] 1#1: start worker process 28
2025/01/31 16:53:57 [notice] 1#1: start worker process 29
2025/01/31 16:53:57 [notice] 1#1: start worker process 30
2025/01/31 16:53:57 [notice] 1#1: start worker process 31
2025/01/31 17:00:25 [notice] 1#1: signal 3 (SIGQUIT) received, shutting down
2025/01/31 17:00:25 [notice] 21#21: gracefully shutting down
2025/01/31 17:00:25 [notice] 20#20: gracefully shutting down
2025/01/31 17:00:25 [notice] 22#22: gracefully shutting down
2025/01/31 17:00:25 [notice] 23#23: gracefully shutting down
2025/01/31 17:00:25 [notice] 25#25: gracefully shutting down
2025/01/31 17:00:25 [notice] 24#24: gracefully shutting down
2025/01/31 17:00:25 [notice] 26#26: gracefully shutting down
2025/01/31 17:00:25 [notice] 27#27: gracefully shutting down
2025/01/31 17:00:25 [notice] 28#28: gracefully shutting down
2025/01/31 17:00:25 [notice] 21#21: exiting
2025/01/31 17:00:25 [notice] 20#20: exiting
2025/01/31 17:00:25 [notice] 22#22: exiting
2025/01/31 17:00:25 [notice] 29#29: gracefully shutting down
2025/01/31 17:00:25 [notice] 23#23: exiting
2025/01/31 17:00:25 [notice] 25#25: exiting
2025/01/31 17:00:25 [notice] 24#24: exiting
2025/01/31 17:00:25 [notice] 26#26: exiting
2025/01/31 17:00:25 [notice] 27#27: exiting
2025/01/31 17:00:25 [notice] 28#28: exiting
2025/01/31 17:00:25 [notice] 29#29: exiting
2025/01/31 17:00:25 [notice] 25#25: exit
2025/01/31 17:00:25 [notice] 22#22: exit
2025/01/31 17:00:25 [notice] 21#21: exit
2025/01/31 17:00:25 [notice] 20#20: exit
2025/01/31 17:00:25 [notice] 24#24: exit
2025/01/31 17:00:25 [notice] 23#23: exit
2025/01/31 17:00:25 [notice] 26#26: exit
2025/01/31 17:00:25 [notice] 28#28: exit
2025/01/31 17:00:25 [notice] 29#29: exit
2025/01/31 17:00:25 [notice] 27#27: exit
2025/01/31 17:00:25 [notice] 31#31: gracefully shutting down
2025/01/31 17:00:25 [notice] 31#31: exiting
2025/01/31 17:00:25 [notice] 31#31: exit
2025/01/31 17:00:25 [notice] 30#30: gracefully shutting down
2025/01/31 17:00:25 [notice] 30#30: exiting
2025/01/31 17:00:25 [notice] 30#30: exit
2025/01/31 17:00:25 [notice] 1#1: signal 17 (SIGCHLD) received from 29
2025/01/31 17:00:25 [notice] 1#1: worker process 24 exited with code 0
2025/01/31 17:00:25 [notice] 1#1: worker process 25 exited with code 0
2025/01/31 17:00:25 [notice] 1#1: worker process 27 exited with code 0
2025/01/31 17:00:25 [notice] 1#1: worker process 29 exited with code 0
2025/01/31 17:00:25 [notice] 1#1: signal 29 (SIGIO) received
2025/01/31 17:00:25 [notice] 1#1: signal 17 (SIGCHLD) received from 27
2025/01/31 17:00:25 [notice] 1#1: signal 17 (SIGCHLD) received from 20
2025/01/31 17:00:25 [notice] 1#1: worker process 20 exited with code 0
2025/01/31 17:00:25 [notice] 1#1: signal 29 (SIGIO) received
2025/01/31 17:00:25 [notice] 1#1: signal 17 (SIGCHLD) received from 31
2025/01/31 17:00:25 [notice] 1#1: worker process 31 exited with code 0
2025/01/31 17:00:25 [notice] 1#1: worker process 22 exited with code 0
2025/01/31 17:00:25 [notice] 1#1: worker process 30 exited with code 0
2025/01/31 17:00:25 [notice] 1#1: signal 29 (SIGIO) received
2025/01/31 17:00:25 [notice] 1#1: signal 17 (SIGCHLD) received from 22
2025/01/31 17:00:25 [notice] 1#1: signal 17 (SIGCHLD) received from 23
2025/01/31 17:00:25 [notice] 1#1: worker process 23 exited with code 0
2025/01/31 17:00:25 [notice] 1#1: signal 29 (SIGIO) received
2025/01/31 17:00:25 [notice] 1#1: signal 17 (SIGCHLD) received from 21
2025/01/31 17:00:25 [notice] 1#1: worker process 21 exited with code 0
2025/01/31 17:00:25 [notice] 1#1: worker process 28 exited with code 0
2025/01/31 17:00:25 [notice] 1#1: signal 29 (SIGIO) received
2025/01/31 17:00:25 [notice] 1#1: signal 17 (SIGCHLD) received from 26
2025/01/31 17:00:25 [notice] 1#1: worker process 26 exited with code 0
2025/01/31 17:00:25 [notice] 1#1: exit
2025/01/31 17:00:26 [notice] 1#1: using the "epoll" event method
2025/01/31 17:00:26 [notice] 1#1: nginx/1.26.2
2025/01/31 17:00:26 [notice] 1#1: built by gcc 13.2.1 20240309 (Alpine 13.2.1_git20240309) 
2025/01/31 17:00:26 [notice] 1#1: OS: Linux 6.9.3-76060903-generic
2025/01/31 17:00:26 [notice] 1#1: getrlimit(RLIMIT_NOFILE): 1048576:1048576
2025/01/31 17:00:26 [notice] 1#1: start worker processes
2025/01/31 17:00:26 [notice] 1#1: start worker process 20
2025/01/31 17:00:26 [notice] 1#1: start worker process 21
2025/01/31 17:00:26 [notice] 1#1: start worker process 22
2025/01/31 17:00:26 [notice] 1#1: start worker process 23
2025/01/31 17:00:26 [notice] 1#1: start worker process 24
2025/01/31 17:00:26 [notice] 1#1: start worker process 25
2025/01/31 17:00:26 [notice] 1#1: start worker process 26
2025/01/31 17:00:26 [notice] 1#1: start worker process 27
2025/01/31 17:00:26 [notice] 1#1: start worker process 28
2025/01/31 17:00:26 [notice] 1#1: start worker process 29
2025/01/31 17:00:26 [notice] 1#1: start worker process 30
2025/01/31 17:00:26 [notice] 1#1: start worker process 31
2025/01/31 17:03:31 [notice] 1#1: signal 3 (SIGQUIT) received, shutting down
2025/01/31 17:03:31 [notice] 20#20: gracefully shutting down
2025/01/31 17:03:31 [notice] 21#21: gracefully shutting down
2025/01/31 17:03:31 [notice] 22#22: gracefully shutting down
2025/01/31 17:03:31 [notice] 24#24: gracefully shutting down
2025/01/31 17:03:31 [notice] 25#25: gracefully shutting down
2025/01/31 17:03:31 [notice] 26#26: gracefully shutting down
2025/01/31 17:03:31 [notice] 23#23: gracefully shutting down
2025/01/31 17:03:31 [notice] 27#27: gracefully shutting down
2025/01/31 17:03:31 [notice] 29#29: gracefully shutting down
2025/01/31 17:03:31 [notice] 20#20: exiting
2025/01/31 17:03:31 [notice] 31#31: gracefully shutting down
2025/01/31 17:03:31 [notice] 21#21: exiting
2025/01/31 17:03:31 [notice] 22#22: exiting
2025/01/31 17:03:31 [notice] 28#28: gracefully shutting down
2025/01/31 17:03:31 [notice] 24#24: exiting
2025/01/31 17:03:31 [notice] 25#25: exiting
2025/01/31 17:03:31 [notice] 26#26: exiting
2025/01/31 17:03:31 [notice] 23#23: exiting
2025/01/31 17:03:31 [notice] 27#27: exiting
2025/01/31 17:03:31 [notice] 29#29: exiting
2025/01/31 17:03:31 [notice] 31#31: exiting
2025/01/31 17:03:31 [notice] 28#28: exiting
2025/01/31 17:03:31 [notice] 30#30: gracefully shutting down
2025/01/31 17:03:31 [notice] 30#30: exiting
2025/01/31 17:03:31 [notice] 21#21: exit
2025/01/31 17:03:31 [notice] 26#26: exit
2025/01/31 17:03:31 [notice] 31#31: exit
2025/01/31 17:03:31 [notice] 25#25: exit
2025/01/31 17:03:31 [notice] 20#20: exit
2025/01/31 17:03:31 [notice] 27#27: exit
2025/01/31 17:03:31 [notice] 24#24: exit
2025/01/31 17:03:31 [notice] 29#29: exit
2025/01/31 17:03:31 [notice] 28#28: exit
2025/01/31 17:03:31 [notice] 30#30: exit
2025/01/31 17:03:31 [notice] 23#23: exit
2025/01/31 17:03:31 [notice] 22#22: exit
2025/01/31 17:03:31 [notice] 1#1: signal 17 (SIGCHLD) received from 20
2025/01/31 17:03:31 [notice] 1#1: worker process 20 exited with code 0
2025/01/31 17:03:31 [notice] 1#1: worker process 26 exited with code 0
2025/01/31 17:03:31 [notice] 1#1: signal 29 (SIGIO) received
2025/01/31 17:03:31 [notice] 1#1: signal 17 (SIGCHLD) received from 26
2025/01/31 17:03:31 [notice] 1#1: signal 17 (SIGCHLD) received from 25
2025/01/31 17:03:31 [notice] 1#1: worker process 25 exited with code 0
2025/01/31 17:03:31 [notice] 1#1: worker process 30 exited with code 0
2025/01/31 17:03:31 [notice] 1#1: signal 29 (SIGIO) received
2025/01/31 17:03:31 [notice] 1#1: signal 17 (SIGCHLD) received from 30
2025/01/31 17:03:31 [notice] 1#1: signal 17 (SIGCHLD) received from 31
2025/01/31 17:03:31 [notice] 1#1: worker process 31 exited with code 0
2025/01/31 17:03:31 [notice] 1#1: signal 29 (SIGIO) received
2025/01/31 17:03:31 [notice] 1#1: signal 17 (SIGCHLD) received from 21
2025/01/31 17:03:31 [notice] 1#1: worker process 21 exited with code 0
2025/01/31 17:03:31 [notice] 1#1: signal 29 (SIGIO) received
2025/01/31 17:03:31 [notice] 1#1: signal 17 (SIGCHLD) received from 23
2025/01/31 17:03:31 [notice] 1#1: worker process 23 exited with code 0
2025/01/31 17:03:31 [notice] 1#1: signal 29 (SIGIO) received
2025/01/31 17:03:31 [notice] 1#1: signal 17 (SIGCHLD) received from 27
2025/01/31 17:03:31 [notice] 1#1: worker process 27 exited with code 0
2025/01/31 17:03:31 [notice] 1#1: worker process 29 exited with code 0
2025/01/31 17:03:31 [notice] 1#1: signal 29 (SIGIO) received
2025/01/31 17:03:31 [notice] 1#1: signal 17 (SIGCHLD) received from 28
2025/01/31 17:03:31 [notice] 1#1: worker process 28 exited with code 0
2025/01/31 17:03:31 [notice] 1#1: signal 29 (SIGIO) received
2025/01/31 17:03:31 [notice] 1#1: signal 17 (SIGCHLD) received from 22
2025/01/31 17:03:31 [notice] 1#1: worker process 22 exited with code 0
2025/01/31 17:03:31 [notice] 1#1: signal 17 (SIGCHLD) received from 24
2025/01/31 17:03:31 [notice] 1#1: worker process 24 exited with code 0
2025/01/31 17:03:31 [notice] 1#1: exit
2025/01/31 17:03:31 [notice] 1#1: using the "epoll" event method
2025/01/31 17:03:31 [notice] 1#1: nginx/1.26.2
2025/01/31 17:03:31 [notice] 1#1: built by gcc 13.2.1 20240309 (Alpine 13.2.1_git20240309) 
2025/01/31 17:03:31 [notice] 1#1: OS: Linux 6.9.3-76060903-generic
2025/01/31 17:03:31 [notice] 1#1: getrlimit(RLIMIT_NOFILE): 1048576:1048576
2025/01/31 17:03:31 [notice] 1#1: start worker processes
2025/01/31 17:03:31 [notice] 1#1: start worker process 20
2025/01/31 17:03:31 [notice] 1#1: start worker process 21
2025/01/31 17:03:31 [notice] 1#1: start worker process 22
2025/01/31 17:03:31 [notice] 1#1: start worker process 23
2025/01/31 17:03:31 [notice] 1#1: start worker process 24
2025/01/31 17:03:31 [notice] 1#1: start worker process 25
2025/01/31 17:03:31 [notice] 1#1: start worker process 26
2025/01/31 17:03:31 [notice] 1#1: start worker process 27
2025/01/31 17:03:31 [notice] 1#1: start worker process 28
2025/01/31 17:03:31 [notice] 1#1: start worker process 29
2025/01/31 17:03:31 [notice] 1#1: start worker process 30
2025/01/31 17:03:31 [notice] 1#1: start worker process 31
2025/01/31 17:04:11 [notice] 1#1: signal 3 (SIGQUIT) received, shutting down
2025/01/31 17:04:11 [notice] 20#20: gracefully shutting down
2025/01/31 17:04:11 [notice] 24#24: gracefully shutting down
2025/01/31 17:04:11 [notice] 21#21: gracefully shutting down
2025/01/31 17:04:11 [notice] 22#22: gracefully shutting down
2025/01/31 17:04:11 [notice] 23#23: gracefully shutting down
2025/01/31 17:04:11 [notice] 25#25: gracefully shutting down
2025/01/31 17:04:11 [notice] 26#26: gracefully shutting down
2025/01/31 17:04:11 [notice] 20#20: exiting
2025/01/31 17:04:11 [notice] 27#27: gracefully shutting down
2025/01/31 17:04:11 [notice] 24#24: exiting
2025/01/31 17:04:11 [notice] 28#28: gracefully shutting down
2025/01/31 17:04:11 [notice] 21#21: exiting
2025/01/31 17:04:11 [notice] 22#22: exiting
2025/01/31 17:04:11 [notice] 29#29: gracefully shutting down
2025/01/31 17:04:11 [notice] 23#23: exiting
2025/01/31 17:04:11 [notice] 25#25: exiting
2025/01/31 17:04:11 [notice] 26#26: exiting
2025/01/31 17:04:11 [notice] 27#27: exiting
2025/01/31 17:04:11 [notice] 28#28: exiting
2025/01/31 17:04:11 [notice] 29#29: exiting
2025/01/31 17:04:11 [notice] 24#24: exit
2025/01/31 17:04:11 [notice] 20#20: exit
2025/01/31 17:04:11 [notice] 21#21: exit
2025/01/31 17:04:11 [notice] 25#25: exit
2025/01/31 17:04:11 [notice] 23#23: exit
2025/01/31 17:04:11 [notice] 26#26: exit
2025/01/31 17:04:11 [notice] 22#22: exit
2025/01/31 17:04:11 [notice] 28#28: exit
2025/01/31 17:04:11 [notice] 29#29: exit
2025/01/31 17:04:11 [notice] 27#27: exit
2025/01/31 17:04:11 [notice] 30#30: gracefully shutting down
2025/01/31 17:04:11 [notice] 30#30: exiting
2025/01/31 17:04:11 [notice] 30#30: exit
2025/01/31 17:04:11 [notice] 31#31: gracefully shutting down
2025/01/31 17:04:11 [notice] 31#31: exiting
2025/01/31 17:04:11 [notice] 31#31: exit
2025/01/31 17:04:11 [notice] 1#1: signal 17 (SIGCHLD) received from 21
2025/01/31 17:04:11 [notice] 1#1: worker process 21 exited with code 0
2025/01/31 17:04:11 [notice] 1#1: signal 29 (SIGIO) received
2025/01/31 17:04:11 [notice] 1#1: signal 17 (SIGCHLD) received from 26
2025/01/31 17:04:11 [notice] 1#1: worker process 20 exited with code 0
2025/01/31 17:04:11 [notice] 1#1: worker process 26 exited with code 0
2025/01/31 17:04:11 [notice] 1#1: signal 29 (SIGIO) received
2025/01/31 17:04:11 [notice] 1#1: signal 17 (SIGCHLD) received from 22
2025/01/31 17:04:11 [notice] 1#1: worker process 22 exited with code 0
2025/01/31 17:04:11 [notice] 1#1: signal 29 (SIGIO) received
2025/01/31 17:04:11 [notice] 1#1: signal 17 (SIGCHLD) received from 23
2025/01/31 17:04:11 [notice] 1#1: worker process 23 exited with code 0
2025/01/31 17:04:11 [notice] 1#1: worker process 25 exited with code 0
2025/01/31 17:04:11 [notice] 1#1: worker process 28 exited with code 0
2025/01/31 17:04:11 [notice] 1#1: worker process 29 exited with code 0
2025/01/31 17:04:11 [notice] 1#1: worker process 31 exited with code 0
2025/01/31 17:04:11 [notice] 1#1: signal 29 (SIGIO) received
2025/01/31 17:04:11 [notice] 1#1: signal 17 (SIGCHLD) received from 29
2025/01/31 17:04:11 [notice] 1#1: signal 17 (SIGCHLD) received from 30
2025/01/31 17:04:11 [notice] 1#1: worker process 27 exited with code 0
2025/01/31 17:04:11 [notice] 1#1: worker process 30 exited with code 0
2025/01/31 17:04:11 [notice] 1#1: signal 29 (SIGIO) received
2025/01/31 17:04:11 [notice] 1#1: signal 17 (SIGCHLD) received from 27
2025/01/31 17:04:11 [notice] 1#1: signal 17 (SIGCHLD) received from 24
2025/01/31 17:04:11 [notice] 1#1: worker process 24 exited with code 0
2025/01/31 17:04:11 [notice] 1#1: exit
2025/01/31 17:04:11 [notice] 1#1: using the "epoll" event method
2025/01/31 17:04:11 [notice] 1#1: nginx/1.26.2
2025/01/31 17:04:11 [notice] 1#1: built by gcc 13.2.1 20240309 (Alpine 13.2.1_git20240309) 
2025/01/31 17:04:11 [notice] 1#1: OS: Linux 6.9.3-76060903-generic
2025/01/31 17:04:11 [notice] 1#1: getrlimit(RLIMIT_NOFILE): 1048576:1048576
2025/01/31 17:04:11 [notice] 1#1: start worker processes
2025/01/31 17:04:11 [notice] 1#1: start worker process 20
2025/01/31 17:04:11 [notice] 1#1: start worker process 21
2025/01/31 17:04:11 [notice] 1#1: start worker process 22
2025/01/31 17:04:11 [notice] 1#1: start worker process 23
2025/01/31 17:04:11 [notice] 1#1: start worker process 24
2025/01/31 17:04:11 [notice] 1#1: start worker process 25
2025/01/31 17:04:11 [notice] 1#1: start worker process 26
2025/01/31 17:04:11 [notice] 1#1: start worker process 27
2025/01/31 17:04:11 [notice] 1#1: start worker process 28
2025/01/31 17:04:11 [notice] 1#1: start worker process 29
2025/01/31 17:04:11 [notice] 1#1: start worker process 30
2025/01/31 17:04:11 [notice] 1#1: start worker process 31
2025/01/31 17:08:53 [notice] 1#1: signal 3 (SIGQUIT) received, shutting down
2025/01/31 17:08:53 [notice] 20#20: gracefully shutting down
2025/01/31 17:08:53 [notice] 21#21: gracefully shutting down
2025/01/31 17:08:53 [notice] 22#22: gracefully shutting down
2025/01/31 17:08:53 [notice] 23#23: gracefully shutting down
2025/01/31 17:08:53 [notice] 24#24: gracefully shutting down
2025/01/31 17:08:53 [notice] 25#25: gracefully shutting down
2025/01/31 17:08:53 [notice] 20#20: exiting
2025/01/31 17:08:53 [notice] 27#27: gracefully shutting down
2025/01/31 17:08:53 [notice] 21#21: exiting
2025/01/31 17:08:53 [notice] 22#22: exiting
2025/01/31 17:08:53 [notice] 26#26: gracefully shutting down
2025/01/31 17:08:53 [notice] 23#23: exiting
2025/01/31 17:08:53 [notice] 24#24: exiting
2025/01/31 17:08:53 [notice] 25#25: exiting
2025/01/31 17:08:53 [notice] 27#27: exiting
2025/01/31 17:08:53 [notice] 26#26: exiting
2025/01/31 17:08:53 [notice] 22#22: exit
2025/01/31 17:08:53 [notice] 21#21: exit
2025/01/31 17:08:53 [notice] 20#20: exit
2025/01/31 17:08:53 [notice] 27#27: exit
2025/01/31 17:08:53 [notice] 24#24: exit
2025/01/31 17:08:53 [notice] 25#25: exit
2025/01/31 17:08:53 [notice] 23#23: exit
2025/01/31 17:08:53 [notice] 26#26: exit
2025/01/31 17:08:53 [notice] 28#28: gracefully shutting down
2025/01/31 17:08:53 [notice] 29#29: gracefully shutting down
2025/01/31 17:08:53 [notice] 29#29: exiting
2025/01/31 17:08:53 [notice] 30#30: gracefully shutting down
2025/01/31 17:08:53 [notice] 28#28: exiting
2025/01/31 17:08:53 [notice] 31#31: gracefully shutting down
2025/01/31 17:08:53 [notice] 30#30: exiting
2025/01/31 17:08:53 [notice] 31#31: exiting
2025/01/31 17:08:53 [notice] 29#29: exit
2025/01/31 17:08:53 [notice] 28#28: exit
2025/01/31 17:08:53 [notice] 30#30: exit
2025/01/31 17:08:53 [notice] 31#31: exit
2025/01/31 17:08:53 [notice] 1#1: signal 17 (SIGCHLD) received from 30
2025/01/31 17:08:53 [notice] 1#1: worker process 30 exited with code 0
2025/01/31 17:08:53 [notice] 1#1: signal 29 (SIGIO) received
2025/01/31 17:08:53 [notice] 1#1: signal 17 (SIGCHLD) received from 27
2025/01/31 17:08:53 [notice] 1#1: worker process 27 exited with code 0
2025/01/31 17:08:53 [notice] 1#1: worker process 21 exited with code 0
2025/01/31 17:08:53 [notice] 1#1: worker process 24 exited with code 0
2025/01/31 17:08:53 [notice] 1#1: worker process 25 exited with code 0
2025/01/31 17:08:53 [notice] 1#1: worker process 28 exited with code 0
2025/01/31 17:08:53 [notice] 1#1: worker process 31 exited with code 0
2025/01/31 17:08:53 [notice] 1#1: signal 29 (SIGIO) received
2025/01/31 17:08:53 [notice] 1#1: signal 17 (SIGCHLD) received from 28
2025/01/31 17:08:53 [notice] 1#1: signal 17 (SIGCHLD) received from 23
2025/01/31 17:08:53 [notice] 1#1: worker process 20 exited with code 0
2025/01/31 17:08:53 [notice] 1#1: worker process 23 exited with code 0
2025/01/31 17:08:53 [notice] 1#1: signal 29 (SIGIO) received
2025/01/31 17:08:53 [notice] 1#1: signal 17 (SIGCHLD) received from 20
2025/01/31 17:08:53 [notice] 1#1: signal 17 (SIGCHLD) received from 26
2025/01/31 17:08:53 [notice] 1#1: worker process 26 exited with code 0
2025/01/31 17:08:53 [notice] 1#1: worker process 22 exited with code 0
2025/01/31 17:08:53 [notice] 1#1: signal 29 (SIGIO) received
2025/01/31 17:08:53 [notice] 1#1: signal 17 (SIGCHLD) received from 22
2025/01/31 17:08:53 [notice] 1#1: signal 17 (SIGCHLD) received from 29
2025/01/31 17:08:53 [notice] 1#1: worker process 29 exited with code 0
2025/01/31 17:08:53 [notice] 1#1: exit
2025/01/31 17:08:54 [notice] 1#1: using the "epoll" event method
2025/01/31 17:08:54 [notice] 1#1: nginx/1.26.2
2025/01/31 17:08:54 [notice] 1#1: built by gcc 13.2.1 20240309 (Alpine 13.2.1_git20240309) 
2025/01/31 17:08:54 [notice] 1#1: OS: Linux 6.9.3-76060903-generic
2025/01/31 17:08:54 [notice] 1#1: getrlimit(RLIMIT_NOFILE): 1048576:1048576
2025/01/31 17:08:54 [notice] 1#1: start worker processes
2025/01/31 17:08:54 [notice] 1#1: start worker process 20
2025/01/31 17:08:54 [notice] 1#1: start worker process 21
2025/01/31 17:08:54 [notice] 1#1: start worker process 22
2025/01/31 17:08:54 [notice] 1#1: start worker process 23
2025/01/31 17:08:54 [notice] 1#1: start worker process 24
2025/01/31 17:08:54 [notice] 1#1: start worker process 25
2025/01/31 17:08:54 [notice] 1#1: start worker process 26
2025/01/31 17:08:54 [notice] 1#1: start worker process 27
2025/01/31 17:08:54 [notice] 1#1: start worker process 28
2025/01/31 17:08:54 [notice] 1#1: start worker process 29
2025/01/31 17:08:54 [notice] 1#1: start worker process 30
2025/01/31 17:08:54 [notice] 1#1: start worker process 31
2025/01/31 17:12:55 [notice] 1#1: signal 3 (SIGQUIT) received, shutting down
2025/01/31 17:12:55 [notice] 20#20: gracefully shutting down
2025/01/31 17:12:55 [notice] 21#21: gracefully shutting down
2025/01/31 17:12:55 [notice] 22#22: gracefully shutting down
2025/01/31 17:12:55 [notice] 23#23: gracefully shutting down
2025/01/31 17:12:55 [notice] 24#24: gracefully shutting down
2025/01/31 17:12:55 [notice] 25#25: gracefully shutting down
2025/01/31 17:12:55 [notice] 26#26: gracefully shutting down
2025/01/31 17:12:55 [notice] 27#27: gracefully shutting down
2025/01/31 17:12:55 [notice] 28#28: gracefully shutting down
2025/01/31 17:12:55 [notice] 29#29: gracefully shutting down
2025/01/31 17:12:55 [notice] 20#20: exiting
2025/01/31 17:12:55 [notice] 21#21: exiting
2025/01/31 17:12:55 [notice] 31#31: gracefully shutting down
2025/01/31 17:12:55 [notice] 22#22: exiting
2025/01/31 17:12:55 [notice] 23#23: exiting
2025/01/31 17:12:55 [notice] 24#24: exiting
2025/01/31 17:12:55 [notice] 25#25: exiting
2025/01/31 17:12:55 [notice] 26#26: exiting
2025/01/31 17:12:55 [notice] 27#27: exiting
2025/01/31 17:12:55 [notice] 28#28: exiting
2025/01/31 17:12:55 [notice] 29#29: exiting
2025/01/31 17:12:55 [notice] 31#31: exiting
2025/01/31 17:12:55 [notice] 23#23: exit
2025/01/31 17:12:55 [notice] 24#24: exit
2025/01/31 17:12:55 [notice] 25#25: exit
2025/01/31 17:12:55 [notice] 21#21: exit
2025/01/31 17:12:55 [notice] 20#20: exit
2025/01/31 17:12:55 [notice] 22#22: exit
2025/01/31 17:12:55 [notice] 26#26: exit
2025/01/31 17:12:55 [notice] 28#28: exit
2025/01/31 17:12:55 [notice] 31#31: exit
2025/01/31 17:12:55 [notice] 29#29: exit
2025/01/31 17:12:55 [notice] 27#27: exit
2025/01/31 17:12:55 [notice] 30#30: gracefully shutting down
2025/01/31 17:12:55 [notice] 30#30: exiting
2025/01/31 17:12:55 [notice] 30#30: exit
2025/01/31 17:12:55 [notice] 1#1: signal 17 (SIGCHLD) received from 25
2025/01/31 17:12:55 [notice] 1#1: worker process 20 exited with code 0
2025/01/31 17:12:55 [notice] 1#1: worker process 25 exited with code 0
2025/01/31 17:12:55 [notice] 1#1: worker process 27 exited with code 0
2025/01/31 17:12:55 [notice] 1#1: signal 29 (SIGIO) received
2025/01/31 17:12:55 [notice] 1#1: signal 17 (SIGCHLD) received from 26
2025/01/31 17:12:55 [notice] 1#1: worker process 26 exited with code 0
2025/01/31 17:12:55 [notice] 1#1: signal 29 (SIGIO) received
2025/01/31 17:12:55 [notice] 1#1: signal 17 (SIGCHLD) received from 29
2025/01/31 17:12:55 [notice] 1#1: worker process 29 exited with code 0
2025/01/31 17:12:55 [notice] 1#1: signal 29 (SIGIO) received
2025/01/31 17:12:55 [notice] 1#1: signal 17 (SIGCHLD) received from 21
2025/01/31 17:12:55 [notice] 1#1: worker process 21 exited with code 0
2025/01/31 17:12:55 [notice] 1#1: worker process 23 exited with code 0
2025/01/31 17:12:55 [notice] 1#1: worker process 28 exited with code 0
2025/01/31 17:12:55 [notice] 1#1: worker process 30 exited with code 0
2025/01/31 17:12:55 [notice] 1#1: signal 29 (SIGIO) received
2025/01/31 17:12:55 [notice] 1#1: signal 17 (SIGCHLD) received from 30
2025/01/31 17:12:55 [notice] 1#1: signal 17 (SIGCHLD) received from 24
2025/01/31 17:12:55 [notice] 1#1: worker process 22 exited with code 0
2025/01/31 17:12:55 [notice] 1#1: worker process 24 exited with code 0
2025/01/31 17:12:55 [notice] 1#1: signal 29 (SIGIO) received
2025/01/31 17:12:55 [notice] 1#1: signal 17 (SIGCHLD) received from 22
2025/01/31 17:12:55 [notice] 1#1: signal 17 (SIGCHLD) received from 31
2025/01/31 17:12:55 [notice] 1#1: worker process 31 exited with code 0
2025/01/31 17:12:55 [notice] 1#1: exit
2025/01/31 17:12:56 [notice] 1#1: using the "epoll" event method
2025/01/31 17:12:56 [notice] 1#1: nginx/1.26.2
2025/01/31 17:12:56 [notice] 1#1: built by gcc 13.2.1 20240309 (Alpine 13.2.1_git20240309) 
2025/01/31 17:12:56 [notice] 1#1: OS: Linux 6.9.3-76060903-generic
2025/01/31 17:12:56 [notice] 1#1: getrlimit(RLIMIT_NOFILE): 1048576:1048576
2025/01/31 17:12:56 [notice] 1#1: start worker processes
2025/01/31 17:12:56 [notice] 1#1: start worker process 20
2025/01/31 17:12:56 [notice] 1#1: start worker process 21
2025/01/31 17:12:56 [notice] 1#1: start worker process 22
2025/01/31 17:12:56 [notice] 1#1: start worker process 23
2025/01/31 17:12:56 [notice] 1#1: start worker process 24
2025/01/31 17:12:56 [notice] 1#1: start worker process 25
2025/01/31 17:12:56 [notice] 1#1: start worker process 26
2025/01/31 17:12:56 [notice] 1#1: start worker process 27
2025/01/31 17:12:56 [notice] 1#1: start worker process 28
2025/01/31 17:12:56 [notice] 1#1: start worker process 29
2025/01/31 17:12:56 [notice] 1#1: start worker process 30
2025/01/31 17:12:56 [notice] 1#1: start worker process 31
2025/01/31 17:21:23 [notice] 1#1: signal 3 (SIGQUIT) received, shutting down
2025/01/31 17:21:23 [notice] 20#20: gracefully shutting down
2025/01/31 17:21:23 [notice] 22#22: gracefully shutting down
2025/01/31 17:21:23 [notice] 21#21: gracefully shutting down
2025/01/31 17:21:23 [notice] 23#23: gracefully shutting down
2025/01/31 17:21:23 [notice] 24#24: gracefully shutting down
2025/01/31 17:21:23 [notice] 25#25: gracefully shutting down
2025/01/31 17:21:23 [notice] 27#27: gracefully shutting down
2025/01/31 17:21:23 [notice] 26#26: gracefully shutting down
2025/01/31 17:21:23 [notice] 20#20: exiting
2025/01/31 17:21:23 [notice] 22#22: exiting
2025/01/31 17:21:23 [notice] 21#21: exiting
2025/01/31 17:21:23 [notice] 29#29: gracefully shutting down
2025/01/31 17:21:23 [notice] 23#23: exiting
2025/01/31 17:21:23 [notice] 24#24: exiting
2025/01/31 17:21:23 [notice] 25#25: exiting
2025/01/31 17:21:23 [notice] 27#27: exiting
2025/01/31 17:21:23 [notice] 26#26: exiting
2025/01/31 17:21:23 [notice] 29#29: exiting
2025/01/31 17:21:23 [notice] 30#30: gracefully shutting down
2025/01/31 17:21:23 [notice] 30#30: exiting
2025/01/31 17:21:23 [notice] 28#28: gracefully shutting down
2025/01/31 17:21:23 [notice] 22#22: exit
2025/01/31 17:21:23 [notice] 28#28: exiting
2025/01/31 17:21:23 [notice] 20#20: exit
2025/01/31 17:21:23 [notice] 25#25: exit
2025/01/31 17:21:23 [notice] 23#23: exit
2025/01/31 17:21:23 [notice] 26#26: exit
2025/01/31 17:21:23 [notice] 24#24: exit
2025/01/31 17:21:23 [notice] 27#27: exit
2025/01/31 17:21:23 [notice] 29#29: exit
2025/01/31 17:21:23 [notice] 30#30: exit
2025/01/31 17:21:23 [notice] 21#21: exit
2025/01/31 17:21:23 [notice] 28#28: exit
2025/01/31 17:21:23 [notice] 31#31: gracefully shutting down
2025/01/31 17:21:23 [notice] 31#31: exiting
2025/01/31 17:21:23 [notice] 31#31: exit
2025/01/31 17:21:23 [notice] 1#1: signal 17 (SIGCHLD) received from 24
2025/01/31 17:21:23 [notice] 1#1: worker process 24 exited with code 0
2025/01/31 17:21:23 [notice] 1#1: worker process 27 exited with code 0
2025/01/31 17:21:23 [notice] 1#1: worker process 28 exited with code 0
2025/01/31 17:21:23 [notice] 1#1: signal 29 (SIGIO) received
2025/01/31 17:21:23 [notice] 1#1: signal 17 (SIGCHLD) received from 22
2025/01/31 17:21:23 [notice] 1#1: worker process 22 exited with code 0
2025/01/31 17:21:23 [notice] 1#1: signal 29 (SIGIO) received
2025/01/31 17:21:23 [notice] 1#1: signal 17 (SIGCHLD) received from 29
2025/01/31 17:21:23 [notice] 1#1: worker process 20 exited with code 0
2025/01/31 17:21:23 [notice] 1#1: worker process 29 exited with code 0
2025/01/31 17:21:23 [notice] 1#1: worker process 31 exited with code 0
2025/01/31 17:21:23 [notice] 1#1: signal 29 (SIGIO) received
2025/01/31 17:21:23 [notice] 1#1: signal 17 (SIGCHLD) received from 20
2025/01/31 17:21:23 [notice] 1#1: signal 17 (SIGCHLD) received from 23
2025/01/31 17:21:23 [notice] 1#1: worker process 21 exited with code 0
2025/01/31 17:21:23 [notice] 1#1: worker process 23 exited with code 0
2025/01/31 17:21:23 [notice] 1#1: worker process 25 exited with code 0
2025/01/31 17:21:23 [notice] 1#1: signal 29 (SIGIO) received
2025/01/31 17:21:23 [notice] 1#1: signal 17 (SIGCHLD) received from 25
2025/01/31 17:21:23 [notice] 1#1: signal 17 (SIGCHLD) received from 30
2025/01/31 17:21:23 [notice] 1#1: worker process 30 exited with code 0
2025/01/31 17:21:23 [notice] 1#1: signal 29 (SIGIO) received
2025/01/31 17:21:23 [notice] 1#1: signal 17 (SIGCHLD) received from 26
2025/01/31 17:21:23 [notice] 1#1: worker process 26 exited with code 0
2025/01/31 17:21:23 [notice] 1#1: exit
2025/01/31 17:21:51 [notice] 1#1: using the "epoll" event method
2025/01/31 17:21:51 [notice] 1#1: nginx/1.26.2
2025/01/31 17:21:51 [notice] 1#1: built by gcc 13.2.1 20240309 (Alpine 13.2.1_git20240309) 
2025/01/31 17:21:51 [notice] 1#1: OS: Linux 6.9.3-76060903-generic
2025/01/31 17:21:51 [notice] 1#1: getrlimit(RLIMIT_NOFILE): 1048576:1048576
2025/01/31 17:21:51 [notice] 1#1: start worker processes
2025/01/31 17:21:51 [notice] 1#1: start worker process 20
2025/01/31 17:21:51 [notice] 1#1: start worker process 21
2025/01/31 17:21:51 [notice] 1#1: start worker process 22
2025/01/31 17:21:51 [notice] 1#1: start worker process 23
2025/01/31 17:21:51 [notice] 1#1: start worker process 24
2025/01/31 17:21:51 [notice] 1#1: start worker process 25
2025/01/31 17:21:51 [notice] 1#1: start worker process 26
2025/01/31 17:21:51 [notice] 1#1: start worker process 27
2025/01/31 17:21:51 [notice] 1#1: start worker process 28
2025/01/31 17:21:51 [notice] 1#1: start worker process 29
2025/01/31 17:21:51 [notice] 1#1: start worker process 30
2025/01/31 17:21:51 [notice] 1#1: start worker process 31
2025/01/31 18:00:41 [notice] 1#1: signal 3 (SIGQUIT) received, shutting down
2025/01/31 18:00:41 [notice] 20#20: gracefully shutting down
2025/01/31 18:00:41 [notice] 21#21: gracefully shutting down
2025/01/31 18:00:41 [notice] 22#22: gracefully shutting down
2025/01/31 18:00:41 [notice] 23#23: gracefully shutting down
2025/01/31 18:00:41 [notice] 27#27: gracefully shutting down
2025/01/31 18:00:41 [notice] 25#25: gracefully shutting down
2025/01/31 18:00:41 [notice] 24#24: gracefully shutting down
2025/01/31 18:00:41 [notice] 20#20: exiting
2025/01/31 18:00:41 [notice] 28#28: gracefully shutting down
2025/01/31 18:00:41 [notice] 29#29: gracefully shutting down
2025/01/31 18:00:41 [notice] 21#21: exiting
2025/01/31 18:00:41 [notice] 22#22: exiting
2025/01/31 18:00:41 [notice] 30#30: gracefully shutting down
2025/01/31 18:00:41 [notice] 23#23: exiting
2025/01/31 18:00:41 [notice] 27#27: exiting
2025/01/31 18:00:41 [notice] 25#25: exiting
2025/01/31 18:00:41 [notice] 24#24: exiting
2025/01/31 18:00:41 [notice] 28#28: exiting
2025/01/31 18:00:41 [notice] 29#29: exiting
2025/01/31 18:00:41 [notice] 30#30: exiting
2025/01/31 18:00:41 [notice] 20#20: exit
2025/01/31 18:00:41 [notice] 21#21: exit
2025/01/31 18:00:41 [notice] 22#22: exit
2025/01/31 18:00:41 [notice] 23#23: exit
2025/01/31 18:00:41 [notice] 25#25: exit
2025/01/31 18:00:41 [notice] 27#27: exit
2025/01/31 18:00:41 [notice] 24#24: exit
2025/01/31 18:00:41 [notice] 29#29: exit
2025/01/31 18:00:41 [notice] 30#30: exit
2025/01/31 18:00:41 [notice] 28#28: exit
2025/01/31 18:00:41 [notice] 31#31: gracefully shutting down
2025/01/31 18:00:41 [notice] 31#31: exiting
2025/01/31 18:00:41 [notice] 31#31: exit
2025/01/31 18:00:41 [notice] 26#26: gracefully shutting down
2025/01/31 18:00:41 [notice] 26#26: exiting
2025/01/31 18:00:41 [notice] 26#26: exit
2025/01/31 18:00:41 [notice] 1#1: signal 17 (SIGCHLD) received from 20
2025/01/31 18:00:41 [notice] 1#1: worker process 20 exited with code 0
2025/01/31 18:00:41 [notice] 1#1: signal 29 (SIGIO) received
2025/01/31 18:00:41 [notice] 1#1: signal 17 (SIGCHLD) received from 23
2025/01/31 18:00:41 [notice] 1#1: worker process 21 exited with code 0
2025/01/31 18:00:41 [notice] 1#1: worker process 22 exited with code 0
2025/01/31 18:00:41 [notice] 1#1: worker process 23 exited with code 0
2025/01/31 18:00:41 [notice] 1#1: worker process 28 exited with code 0
2025/01/31 18:00:41 [notice] 1#1: worker process 31 exited with code 0
2025/01/31 18:00:41 [notice] 1#1: signal 29 (SIGIO) received
2025/01/31 18:00:41 [notice] 1#1: signal 17 (SIGCHLD) received from 31
2025/01/31 18:00:41 [notice] 1#1: signal 17 (SIGCHLD) received from 27
2025/01/31 18:00:41 [notice] 1#1: worker process 27 exited with code 0
2025/01/31 18:00:41 [notice] 1#1: worker process 29 exited with code 0
2025/01/31 18:00:41 [notice] 1#1: signal 29 (SIGIO) received
2025/01/31 18:00:41 [notice] 1#1: signal 17 (SIGCHLD) received from 30
2025/01/31 18:00:41 [notice] 1#1: worker process 25 exited with code 0
2025/01/31 18:00:41 [notice] 1#1: worker process 26 exited with code 0
2025/01/31 18:00:41 [notice] 1#1: worker process 30 exited with code 0
2025/01/31 18:00:41 [notice] 1#1: signal 29 (SIGIO) received
2025/01/31 18:00:41 [notice] 1#1: signal 17 (SIGCHLD) received from 24
2025/01/31 18:00:41 [notice] 1#1: worker process 24 exited with code 0
2025/01/31 18:00:41 [notice] 1#1: exit
2025/01/31 18:00:42 [notice] 1#1: using the "epoll" event method
2025/01/31 18:00:42 [notice] 1#1: nginx/1.26.2
2025/01/31 18:00:42 [notice] 1#1: built by gcc 13.2.1 20240309 (Alpine 13.2.1_git20240309) 
2025/01/31 18:00:42 [notice] 1#1: OS: Linux 6.9.3-76060903-generic
2025/01/31 18:00:42 [notice] 1#1: getrlimit(RLIMIT_NOFILE): 1048576:1048576
2025/01/31 18:00:42 [notice] 1#1: start worker processes
2025/01/31 18:00:42 [notice] 1#1: start worker process 20
2025/01/31 18:00:42 [notice] 1#1: start worker process 21
2025/01/31 18:00:42 [notice] 1#1: start worker process 22
2025/01/31 18:00:42 [notice] 1#1: start worker process 23
2025/01/31 18:00:42 [notice] 1#1: start worker process 24
2025/01/31 18:00:42 [notice] 1#1: start worker process 25
2025/01/31 18:00:42 [notice] 1#1: start worker process 26
2025/01/31 18:00:42 [notice] 1#1: start worker process 27
2025/01/31 18:00:42 [notice] 1#1: start worker process 28
2025/01/31 18:00:42 [notice] 1#1: start worker process 29
2025/01/31 18:00:42 [notice] 1#1: start worker process 30
2025/01/31 18:00:42 [notice] 1#1: start worker process 31
2025/01/31 18:09:31 [notice] 1#1: signal 3 (SIGQUIT) received, shutting down
2025/01/31 18:09:31 [notice] 20#20: gracefully shutting down
2025/01/31 18:09:31 [notice] 21#21: gracefully shutting down
2025/01/31 18:09:31 [notice] 22#22: gracefully shutting down
2025/01/31 18:09:31 [notice] 27#27: gracefully shutting down
2025/01/31 18:09:31 [notice] 24#24: gracefully shutting down
2025/01/31 18:09:31 [notice] 23#23: gracefully shutting down
2025/01/31 18:09:31 [notice] 25#25: gracefully shutting down
2025/01/31 18:09:31 [notice] 26#26: gracefully shutting down
2025/01/31 18:09:31 [notice] 27#27: exiting
2025/01/31 18:09:31 [notice] 20#20: exiting
2025/01/31 18:09:31 [notice] 26#26: exiting
2025/01/31 18:09:31 [notice] 28#28: gracefully shutting down
2025/01/31 18:09:31 [notice] 21#21: exiting
2025/01/31 18:09:31 [notice] 22#22: exiting
2025/01/31 18:09:31 [notice] 29#29: gracefully shutting down
2025/01/31 18:09:31 [notice] 24#24: exiting
2025/01/31 18:09:31 [notice] 23#23: exiting
2025/01/31 18:09:31 [notice] 25#25: exiting
2025/01/31 18:09:31 [notice] 28#28: exiting
2025/01/31 18:09:31 [notice] 29#29: exiting
2025/01/31 18:09:31 [notice] 30#30: gracefully shutting down
2025/01/31 18:09:31 [notice] 30#30: exiting
2025/01/31 18:09:31 [notice] 27#27: exit
2025/01/31 18:09:31 [notice] 26#26: exit
2025/01/31 18:09:31 [notice] 21#21: exit
2025/01/31 18:09:31 [notice] 20#20: exit
2025/01/31 18:09:31 [notice] 22#22: exit
2025/01/31 18:09:31 [notice] 29#29: exit
2025/01/31 18:09:31 [notice] 25#25: exit
2025/01/31 18:09:31 [notice] 23#23: exit
2025/01/31 18:09:31 [notice] 28#28: exit
2025/01/31 18:09:31 [notice] 24#24: exit
2025/01/31 18:09:31 [notice] 31#31: gracefully shutting down
2025/01/31 18:09:31 [notice] 30#30: exit
2025/01/31 18:09:31 [notice] 31#31: exiting
2025/01/31 18:09:31 [notice] 31#31: exit
2025/01/31 18:09:31 [notice] 1#1: signal 17 (SIGCHLD) received from 27
2025/01/31 18:09:31 [notice] 1#1: worker process 27 exited with code 0
2025/01/31 18:09:31 [notice] 1#1: signal 29 (SIGIO) received
2025/01/31 18:09:31 [notice] 1#1: signal 17 (SIGCHLD) received from 29
2025/01/31 18:09:31 [notice] 1#1: worker process 29 exited with code 0
2025/01/31 18:09:31 [notice] 1#1: signal 29 (SIGIO) received
2025/01/31 18:09:31 [notice] 1#1: signal 17 (SIGCHLD) received from 28
2025/01/31 18:09:31 [notice] 1#1: worker process 20 exited with code 0
2025/01/31 18:09:31 [notice] 1#1: worker process 21 exited with code 0
2025/01/31 18:09:31 [notice] 1#1: worker process 26 exited with code 0
2025/01/31 18:09:31 [notice] 1#1: worker process 28 exited with code 0
2025/01/31 18:09:31 [notice] 1#1: worker process 25 exited with code 0
2025/01/31 18:09:31 [notice] 1#1: signal 29 (SIGIO) received
2025/01/31 18:09:31 [notice] 1#1: signal 17 (SIGCHLD) received from 21
2025/01/31 18:09:31 [notice] 1#1: signal 17 (SIGCHLD) received from 22
2025/01/31 18:09:31 [notice] 1#1: worker process 22 exited with code 0
2025/01/31 18:09:31 [notice] 1#1: signal 29 (SIGIO) received
2025/01/31 18:09:31 [notice] 1#1: signal 17 (SIGCHLD) received from 31
2025/01/31 18:09:31 [notice] 1#1: worker process 23 exited with code 0
2025/01/31 18:09:31 [notice] 1#1: worker process 31 exited with code 0
2025/01/31 18:09:31 [notice] 1#1: signal 29 (SIGIO) received
2025/01/31 18:09:31 [notice] 1#1: signal 17 (SIGCHLD) received from 24
2025/01/31 18:09:31 [notice] 1#1: worker process 24 exited with code 0
2025/01/31 18:09:31 [notice] 1#1: signal 29 (SIGIO) received
2025/01/31 18:09:31 [notice] 1#1: signal 17 (SIGCHLD) received from 30
2025/01/31 18:09:31 [notice] 1#1: worker process 30 exited with code 0
2025/01/31 18:09:31 [notice] 1#1: exit
2025/01/31 18:09:32 [notice] 1#1: using the "epoll" event method
2025/01/31 18:09:32 [notice] 1#1: nginx/1.26.2
2025/01/31 18:09:32 [notice] 1#1: built by gcc 13.2.1 20240309 (Alpine 13.2.1_git20240309) 
2025/01/31 18:09:32 [notice] 1#1: OS: Linux 6.9.3-76060903-generic
2025/01/31 18:09:32 [notice] 1#1: getrlimit(RLIMIT_NOFILE): 1048576:1048576
2025/01/31 18:09:32 [notice] 1#1: start worker processes
2025/01/31 18:09:32 [notice] 1#1: start worker process 20
2025/01/31 18:09:32 [notice] 1#1: start worker process 21
2025/01/31 18:09:32 [notice] 1#1: start worker process 22
2025/01/31 18:09:32 [notice] 1#1: start worker process 23
2025/01/31 18:09:32 [notice] 1#1: start worker process 24
2025/01/31 18:09:32 [notice] 1#1: start worker process 25
2025/01/31 18:09:32 [notice] 1#1: start worker process 26
2025/01/31 18:09:32 [notice] 1#1: start worker process 27
2025/01/31 18:09:32 [notice] 1#1: start worker process 28
2025/01/31 18:09:32 [notice] 1#1: start worker process 29
2025/01/31 18:09:32 [notice] 1#1: start worker process 30
2025/01/31 18:09:32 [notice] 1#1: start worker process 31
2025/01/31 18:35:02 [notice] 1#1: using the "epoll" event method
2025/01/31 18:35:02 [notice] 1#1: nginx/1.26.2
2025/01/31 18:35:02 [notice] 1#1: built by gcc 13.2.1 20240309 (Alpine 13.2.1_git20240309) 
2025/01/31 18:35:02 [notice] 1#1: OS: Linux 6.9.3-76060903-generic
2025/01/31 18:35:02 [notice] 1#1: getrlimit(RLIMIT_NOFILE): 1048576:1048576
2025/01/31 18:35:02 [notice] 1#1: start worker processes
2025/01/31 18:35:02 [notice] 1#1: start worker process 20
2025/01/31 18:35:02 [notice] 1#1: start worker process 21
2025/01/31 18:35:02 [notice] 1#1: start worker process 22
2025/01/31 18:35:02 [notice] 1#1: start worker process 23
2025/01/31 18:35:02 [notice] 1#1: start worker process 24
2025/01/31 18:35:02 [notice] 1#1: start worker process 25
2025/01/31 18:35:02 [notice] 1#1: start worker process 26
2025/01/31 18:35:02 [notice] 1#1: start worker process 27
2025/01/31 18:35:02 [notice] 1#1: start worker process 28
2025/01/31 18:35:02 [notice] 1#1: start worker process 29
2025/01/31 18:35:02 [notice] 1#1: start worker process 30
2025/01/31 18:35:02 [notice] 1#1: start worker process 31
2025/01/31 18:47:27 [notice] 1#1: signal 3 (SIGQUIT) received, shutting down
2025/01/31 18:47:27 [notice] 20#20: gracefully shutting down
2025/01/31 18:47:27 [notice] 21#21: gracefully shutting down
2025/01/31 18:47:27 [notice] 23#23: gracefully shutting down
2025/01/31 18:47:27 [notice] 22#22: gracefully shutting down
2025/01/31 18:47:27 [notice] 20#20: exiting
2025/01/31 18:47:27 [notice] 25#25: gracefully shutting down
2025/01/31 18:47:27 [notice] 21#21: exiting
2025/01/31 18:47:27 [notice] 24#24: gracefully shutting down
2025/01/31 18:47:27 [notice] 23#23: exiting
2025/01/31 18:47:27 [notice] 27#27: gracefully shutting down
2025/01/31 18:47:27 [notice] 28#28: gracefully shutting down
2025/01/31 18:47:27 [notice] 22#22: exiting
2025/01/31 18:47:27 [notice] 25#25: exiting
2025/01/31 18:47:27 [notice] 31#31: gracefully shutting down
2025/01/31 18:47:27 [notice] 24#24: exiting
2025/01/31 18:47:27 [notice] 27#27: exiting
2025/01/31 18:47:27 [notice] 28#28: exiting
2025/01/31 18:47:27 [notice] 31#31: exiting
2025/01/31 18:47:27 [notice] 20#20: exit
2025/01/31 18:47:27 [notice] 23#23: exit
2025/01/31 18:47:27 [notice] 21#21: exit
2025/01/31 18:47:27 [notice] 22#22: exit
2025/01/31 18:47:27 [notice] 25#25: exit
2025/01/31 18:47:27 [notice] 28#28: exit
2025/01/31 18:47:27 [notice] 24#24: exit
2025/01/31 18:47:27 [notice] 27#27: exit
2025/01/31 18:47:27 [notice] 31#31: exit
2025/01/31 18:47:27 [notice] 26#26: gracefully shutting down
2025/01/31 18:47:27 [notice] 26#26: exiting
2025/01/31 18:47:27 [notice] 29#29: gracefully shutting down
2025/01/31 18:47:27 [notice] 29#29: exiting
2025/01/31 18:47:27 [notice] 26#26: exit
2025/01/31 18:47:27 [notice] 29#29: exit
2025/01/31 18:47:27 [notice] 30#30: gracefully shutting down
2025/01/31 18:47:27 [notice] 30#30: exiting
2025/01/31 18:47:27 [notice] 30#30: exit
2025/01/31 18:47:27 [notice] 1#1: signal 17 (SIGCHLD) received from 29
2025/01/31 18:47:27 [notice] 1#1: worker process 23 exited with code 0
2025/01/31 18:47:27 [notice] 1#1: worker process 25 exited with code 0
2025/01/31 18:47:27 [notice] 1#1: worker process 29 exited with code 0
2025/01/31 18:47:27 [notice] 1#1: worker process 27 exited with code 0
2025/01/31 18:47:27 [notice] 1#1: signal 29 (SIGIO) received
2025/01/31 18:47:27 [notice] 1#1: signal 17 (SIGCHLD) received from 27
2025/01/31 18:47:27 [notice] 1#1: worker process 20 exited with code 0
2025/01/31 18:47:27 [notice] 1#1: signal 29 (SIGIO) received
2025/01/31 18:47:27 [notice] 1#1: signal 17 (SIGCHLD) received from 30
2025/01/31 18:47:27 [notice] 1#1: worker process 22 exited with code 0
2025/01/31 18:47:27 [notice] 1#1: worker process 21 exited with code 0
2025/01/31 18:47:27 [notice] 1#1: worker process 30 exited with code 0
2025/01/31 18:47:27 [notice] 1#1: worker process 31 exited with code 0
2025/01/31 18:47:27 [notice] 1#1: signal 29 (SIGIO) received
2025/01/31 18:47:27 [notice] 1#1: signal 17 (SIGCHLD) received from 21
2025/01/31 18:47:27 [notice] 1#1: signal 17 (SIGCHLD) received from 26
2025/01/31 18:47:27 [notice] 1#1: worker process 26 exited with code 0
2025/01/31 18:47:27 [notice] 1#1: signal 29 (SIGIO) received
2025/01/31 18:47:27 [notice] 1#1: signal 17 (SIGCHLD) received from 24
2025/01/31 18:47:27 [notice] 1#1: worker process 24 exited with code 0
2025/01/31 18:47:27 [notice] 1#1: signal 29 (SIGIO) received
2025/01/31 18:47:27 [notice] 1#1: signal 17 (SIGCHLD) received from 28
2025/01/31 18:47:27 [notice] 1#1: worker process 28 exited with code 0
2025/01/31 18:47:27 [notice] 1#1: exit
2025/01/31 18:47:29 [notice] 1#1: using the "epoll" event method
2025/01/31 18:47:29 [notice] 1#1: nginx/1.26.2
2025/01/31 18:47:29 [notice] 1#1: built by gcc 13.2.1 20240309 (Alpine 13.2.1_git20240309) 
2025/01/31 18:47:29 [notice] 1#1: OS: Linux 6.9.3-76060903-generic
2025/01/31 18:47:29 [notice] 1#1: getrlimit(RLIMIT_NOFILE): 1048576:1048576
2025/01/31 18:47:29 [notice] 1#1: start worker processes
2025/01/31 18:47:29 [notice] 1#1: start worker process 20
2025/01/31 18:47:29 [notice] 1#1: start worker process 21
2025/01/31 18:47:29 [notice] 1#1: start worker process 22
2025/01/31 18:47:29 [notice] 1#1: start worker process 23
2025/01/31 18:47:29 [notice] 1#1: start worker process 24
2025/01/31 18:47:29 [notice] 1#1: start worker process 25
2025/01/31 18:47:29 [notice] 1#1: start worker process 26
2025/01/31 18:47:29 [notice] 1#1: start worker process 27
2025/01/31 18:47:29 [notice] 1#1: start worker process 28
2025/01/31 18:47:29 [notice] 1#1: start worker process 29
2025/01/31 18:47:29 [notice] 1#1: start worker process 30
2025/01/31 18:47:29 [notice] 1#1: start worker process 31
2025/01/31 18:49:22 [notice] 1#1: signal 3 (SIGQUIT) received, shutting down
2025/01/31 18:49:22 [notice] 20#20: gracefully shutting down
2025/01/31 18:49:22 [notice] 21#21: gracefully shutting down
2025/01/31 18:49:22 [notice] 22#22: gracefully shutting down
2025/01/31 18:49:22 [notice] 23#23: gracefully shutting down
2025/01/31 18:49:22 [notice] 24#24: gracefully shutting down
2025/01/31 18:49:22 [notice] 20#20: exiting
2025/01/31 18:49:22 [notice] 25#25: gracefully shutting down
2025/01/31 18:49:22 [notice] 21#21: exiting
2025/01/31 18:49:22 [notice] 26#26: gracefully shutting down
2025/01/31 18:49:22 [notice] 27#27: gracefully shutting down
2025/01/31 18:49:22 [notice] 22#22: exiting
2025/01/31 18:49:22 [notice] 23#23: exiting
2025/01/31 18:49:22 [notice] 24#24: exiting
2025/01/31 18:49:22 [notice] 25#25: exiting
2025/01/31 18:49:22 [notice] 30#30: gracefully shutting down
2025/01/31 18:49:22 [notice] 26#26: exiting
2025/01/31 18:49:22 [notice] 27#27: exiting
2025/01/31 18:49:22 [notice] 30#30: exiting
2025/01/31 18:49:22 [notice] 31#31: gracefully shutting down
2025/01/31 18:49:22 [notice] 31#31: exiting
2025/01/31 18:49:22 [notice] 20#20: exit
2025/01/31 18:49:22 [notice] 21#21: exit
2025/01/31 18:49:22 [notice] 25#25: exit
2025/01/31 18:49:22 [notice] 24#24: exit
2025/01/31 18:49:22 [notice] 22#22: exit
2025/01/31 18:49:22 [notice] 23#23: exit
2025/01/31 18:49:22 [notice] 26#26: exit
2025/01/31 18:49:22 [notice] 27#27: exit
2025/01/31 18:49:22 [notice] 30#30: exit
2025/01/31 18:49:22 [notice] 31#31: exit
2025/01/31 18:49:22 [notice] 29#29: gracefully shutting down
2025/01/31 18:49:22 [notice] 29#29: exiting
2025/01/31 18:49:22 [notice] 29#29: exit
2025/01/31 18:49:22 [notice] 28#28: gracefully shutting down
2025/01/31 18:49:22 [notice] 28#28: exiting
2025/01/31 18:49:22 [notice] 28#28: exit
2025/01/31 18:49:22 [notice] 1#1: signal 17 (SIGCHLD) received from 31
2025/01/31 18:49:22 [notice] 1#1: worker process 31 exited with code 0
2025/01/31 18:49:22 [notice] 1#1: signal 29 (SIGIO) received
2025/01/31 18:49:22 [notice] 1#1: signal 17 (SIGCHLD) received from 29
2025/01/31 18:49:22 [notice] 1#1: worker process 20 exited with code 0
2025/01/31 18:49:22 [notice] 1#1: worker process 21 exited with code 0
2025/01/31 18:49:22 [notice] 1#1: worker process 22 exited with code 0
2025/01/31 18:49:22 [notice] 1#1: worker process 27 exited with code 0
2025/01/31 18:49:22 [notice] 1#1: worker process 29 exited with code 0
2025/01/31 18:49:22 [notice] 1#1: signal 29 (SIGIO) received
2025/01/31 18:49:22 [notice] 1#1: signal 17 (SIGCHLD) received from 27
2025/01/31 18:49:22 [notice] 1#1: worker process 25 exited with code 0
2025/01/31 18:49:22 [notice] 1#1: signal 29 (SIGIO) received
2025/01/31 18:49:22 [notice] 1#1: signal 17 (SIGCHLD) received from 23
2025/01/31 18:49:22 [notice] 1#1: worker process 23 exited with code 0
2025/01/31 18:49:22 [notice] 1#1: signal 29 (SIGIO) received
2025/01/31 18:49:22 [notice] 1#1: signal 17 (SIGCHLD) received from 30
2025/01/31 18:49:22 [notice] 1#1: worker process 30 exited with code 0
2025/01/31 18:49:22 [notice] 1#1: signal 29 (SIGIO) received
2025/01/31 18:49:22 [notice] 1#1: signal 17 (SIGCHLD) received from 26
2025/01/31 18:49:22 [notice] 1#1: worker process 26 exited with code 0
2025/01/31 18:49:22 [notice] 1#1: signal 29 (SIGIO) received
2025/01/31 18:49:22 [notice] 1#1: signal 17 (SIGCHLD) received from 28
2025/01/31 18:49:22 [notice] 1#1: worker process 28 exited with code 0
2025/01/31 18:49:22 [notice] 1#1: signal 29 (SIGIO) received
2025/01/31 18:49:22 [notice] 1#1: signal 17 (SIGCHLD) received from 24
2025/01/31 18:49:22 [notice] 1#1: worker process 24 exited with code 0
2025/01/31 18:49:22 [notice] 1#1: exit
2025/01/31 18:49:32 [notice] 1#1: using the "epoll" event method
2025/01/31 18:49:32 [notice] 1#1: nginx/1.26.2
2025/01/31 18:49:32 [notice] 1#1: built by gcc 13.2.1 20240309 (Alpine 13.2.1_git20240309) 
2025/01/31 18:49:32 [notice] 1#1: OS: Linux 6.9.3-76060903-generic
2025/01/31 18:49:32 [notice] 1#1: getrlimit(RLIMIT_NOFILE): 1048576:1048576
2025/01/31 18:49:32 [notice] 1#1: start worker processes
2025/01/31 18:49:32 [notice] 1#1: start worker process 20
2025/01/31 18:49:32 [notice] 1#1: start worker process 21
2025/01/31 18:49:32 [notice] 1#1: start worker process 22
2025/01/31 18:49:32 [notice] 1#1: start worker process 23
2025/01/31 18:49:32 [notice] 1#1: start worker process 24
2025/01/31 18:49:32 [notice] 1#1: start worker process 25
2025/01/31 18:49:32 [notice] 1#1: start worker process 26
2025/01/31 18:49:32 [notice] 1#1: start worker process 27
2025/01/31 18:49:32 [notice] 1#1: start worker process 28
2025/01/31 18:49:32 [notice] 1#1: start worker process 29
2025/01/31 18:49:32 [notice] 1#1: start worker process 30
2025/01/31 18:49:32 [notice] 1#1: start worker process 31
2025/01/31 19:30:35 [notice] 1#1: signal 3 (SIGQUIT) received, shutting down
2025/01/31 19:30:35 [notice] 21#21: gracefully shutting down
2025/01/31 19:30:35 [notice] 20#20: gracefully shutting down
2025/01/31 19:30:35 [notice] 22#22: gracefully shutting down
2025/01/31 19:30:35 [notice] 23#23: gracefully shutting down
2025/01/31 19:30:35 [notice] 20#20: exiting
2025/01/31 19:30:35 [notice] 25#25: gracefully shutting down
2025/01/31 19:30:35 [notice] 21#21: exiting
2025/01/31 19:30:35 [notice] 24#24: gracefully shutting down
2025/01/31 19:30:35 [notice] 22#22: exiting
2025/01/31 19:30:35 [notice] 23#23: exiting
2025/01/31 19:30:35 [notice] 26#26: gracefully shutting down
2025/01/31 19:30:35 [notice] 25#25: exiting
2025/01/31 19:30:35 [notice] 24#24: exiting
2025/01/31 19:30:35 [notice] 26#26: exiting
2025/01/31 19:30:35 [notice] 20#20: exit
2025/01/31 19:30:35 [notice] 22#22: exit
2025/01/31 19:30:35 [notice] 21#21: exit
2025/01/31 19:30:35 [notice] 23#23: exit
2025/01/31 19:30:35 [notice] 25#25: exit
2025/01/31 19:30:35 [notice] 27#27: gracefully shutting down
2025/01/31 19:30:35 [notice] 28#28: gracefully shutting down
2025/01/31 19:30:35 [notice] 27#27: exiting
2025/01/31 19:30:35 [notice] 26#26: exit
2025/01/31 19:30:35 [notice] 24#24: exit
2025/01/31 19:30:35 [notice] 28#28: exiting
2025/01/31 19:30:35 [notice] 29#29: gracefully shutting down
2025/01/31 19:30:35 [notice] 29#29: exiting
2025/01/31 19:30:35 [notice] 27#27: exit
2025/01/31 19:30:35 [notice] 28#28: exit
2025/01/31 19:30:35 [notice] 29#29: exit
2025/01/31 19:30:35 [notice] 30#30: gracefully shutting down
2025/01/31 19:30:35 [notice] 30#30: exiting
2025/01/31 19:30:35 [notice] 30#30: exit
2025/01/31 19:30:35 [notice] 31#31: gracefully shutting down
2025/01/31 19:30:35 [notice] 31#31: exiting
2025/01/31 19:30:35 [notice] 31#31: exit
2025/01/31 19:30:35 [notice] 1#1: signal 17 (SIGCHLD) received from 28
2025/01/31 19:30:35 [notice] 1#1: worker process 28 exited with code 0
2025/01/31 19:30:35 [notice] 1#1: signal 29 (SIGIO) received
2025/01/31 19:30:35 [notice] 1#1: signal 17 (SIGCHLD) received from 20
2025/01/31 19:30:35 [notice] 1#1: worker process 20 exited with code 0
2025/01/31 19:30:35 [notice] 1#1: signal 29 (SIGIO) received
2025/01/31 19:30:35 [notice] 1#1: signal 17 (SIGCHLD) received from 21
2025/01/31 19:30:35 [notice] 1#1: worker process 21 exited with code 0
2025/01/31 19:30:35 [notice] 1#1: worker process 23 exited with code 0
2025/01/31 19:30:35 [notice] 1#1: signal 29 (SIGIO) received
2025/01/31 19:30:35 [notice] 1#1: signal 17 (SIGCHLD) received from 27
2025/01/31 19:30:35 [notice] 1#1: worker process 27 exited with code 0
2025/01/31 19:30:35 [notice] 1#1: worker process 24 exited with code 0
2025/01/31 19:30:35 [notice] 1#1: worker process 25 exited with code 0
2025/01/31 19:30:35 [notice] 1#1: signal 29 (SIGIO) received
2025/01/31 19:30:35 [notice] 1#1: signal 17 (SIGCHLD) received from 24
2025/01/31 19:30:35 [notice] 1#1: signal 17 (SIGCHLD) received from 22
2025/01/31 19:30:35 [notice] 1#1: worker process 22 exited with code 0
2025/01/31 19:30:35 [notice] 1#1: worker process 29 exited with code 0
2025/01/31 19:30:35 [notice] 1#1: signal 29 (SIGIO) received
2025/01/31 19:30:35 [notice] 1#1: signal 17 (SIGCHLD) received from 30
2025/01/31 19:30:35 [notice] 1#1: worker process 30 exited with code 0
2025/01/31 19:30:35 [notice] 1#1: signal 29 (SIGIO) received
2025/01/31 19:30:35 [notice] 1#1: signal 17 (SIGCHLD) received from 31
2025/01/31 19:30:35 [notice] 1#1: worker process 31 exited with code 0
2025/01/31 19:30:35 [notice] 1#1: signal 17 (SIGCHLD) received from 26
2025/01/31 19:30:35 [notice] 1#1: worker process 26 exited with code 0
2025/01/31 19:30:35 [notice] 1#1: exit
2025/01/31 19:31:09 [notice] 1#1: using the "epoll" event method
2025/01/31 19:31:09 [notice] 1#1: nginx/1.26.2
2025/01/31 19:31:09 [notice] 1#1: built by gcc 13.2.1 20240309 (Alpine 13.2.1_git20240309) 
2025/01/31 19:31:09 [notice] 1#1: OS: Linux 6.9.3-76060903-generic
2025/01/31 19:31:09 [notice] 1#1: getrlimit(RLIMIT_NOFILE): 1048576:1048576
2025/01/31 19:31:09 [notice] 1#1: start worker processes
2025/01/31 19:31:09 [notice] 1#1: start worker process 20
2025/01/31 19:31:09 [notice] 1#1: start worker process 21
2025/01/31 19:31:09 [notice] 1#1: start worker process 22
2025/01/31 19:31:09 [notice] 1#1: start worker process 23
2025/01/31 19:31:09 [notice] 1#1: start worker process 24
2025/01/31 19:31:09 [notice] 1#1: start worker process 25
2025/01/31 19:31:09 [notice] 1#1: start worker process 26
2025/01/31 19:31:09 [notice] 1#1: start worker process 27
2025/01/31 19:31:09 [notice] 1#1: start worker process 28
2025/01/31 19:31:09 [notice] 1#1: start worker process 29
2025/01/31 19:31:09 [notice] 1#1: start worker process 30
2025/01/31 19:31:09 [notice] 1#1: start worker process 31
2025/01/31 21:33:02 [notice] 1#1: using the "epoll" event method
2025/01/31 21:33:02 [notice] 1#1: nginx/1.26.2
2025/01/31 21:33:02 [notice] 1#1: built by gcc 13.2.1 20240309 (Alpine 13.2.1_git20240309) 
2025/01/31 21:33:02 [notice] 1#1: OS: Linux 6.9.3-76060903-generic
2025/01/31 21:33:02 [notice] 1#1: getrlimit(RLIMIT_NOFILE): 1048576:1048576
2025/01/31 21:33:02 [notice] 1#1: start worker processes
2025/01/31 21:33:02 [notice] 1#1: start worker process 20
2025/01/31 21:33:02 [notice] 1#1: start worker process 21
2025/01/31 21:33:02 [notice] 1#1: start worker process 22
2025/01/31 21:33:02 [notice] 1#1: start worker process 23
2025/01/31 21:33:02 [notice] 1#1: start worker process 24
2025/01/31 21:33:02 [notice] 1#1: start worker process 25
2025/01/31 21:33:02 [notice] 1#1: start worker process 26
2025/01/31 21:33:02 [notice] 1#1: start worker process 27
2025/01/31 21:33:02 [notice] 1#1: start worker process 28
2025/01/31 21:33:02 [notice] 1#1: start worker process 29
2025/01/31 21:33:02 [notice] 1#1: start worker process 30
2025/01/31 21:33:02 [notice] 1#1: start worker process 31
2025/01/31 23:38:40 [notice] 1#1: signal 3 (SIGQUIT) received, shutting down
2025/01/31 23:38:40 [notice] 21#21: gracefully shutting down
2025/01/31 23:38:40 [notice] 22#22: gracefully shutting down
2025/01/31 23:38:40 [notice] 20#20: gracefully shutting down
2025/01/31 23:38:40 [notice] 23#23: gracefully shutting down
2025/01/31 23:38:40 [notice] 25#25: gracefully shutting down
2025/01/31 23:38:40 [notice] 24#24: gracefully shutting down
2025/01/31 23:38:40 [notice] 21#21: exiting
2025/01/31 23:38:40 [notice] 22#22: exiting
2025/01/31 23:38:40 [notice] 20#20: exiting
2025/01/31 23:38:40 [notice] 26#26: gracefully shutting down
2025/01/31 23:38:40 [notice] 23#23: exiting
2025/01/31 23:38:40 [notice] 25#25: exiting
2025/01/31 23:38:40 [notice] 24#24: exiting
2025/01/31 23:38:40 [notice] 26#26: exiting
2025/01/31 23:38:40 [notice] 27#27: gracefully shutting down
2025/01/31 23:38:40 [notice] 27#27: exiting
2025/01/31 23:38:40 [notice] 22#22: exit
2025/01/31 23:38:40 [notice] 21#21: exit
2025/01/31 23:38:40 [notice] 25#25: exit
2025/01/31 23:38:40 [notice] 20#20: exit
2025/01/31 23:38:40 [notice] 23#23: exit
2025/01/31 23:38:40 [notice] 24#24: exit
2025/01/31 23:38:40 [notice] 26#26: exit
2025/01/31 23:38:40 [notice] 28#28: gracefully shutting down
2025/01/31 23:38:40 [notice] 27#27: exit
2025/01/31 23:38:40 [notice] 28#28: exiting
2025/01/31 23:38:40 [notice] 28#28: exit
2025/01/31 23:38:40 [notice] 29#29: gracefully shutting down
2025/01/31 23:38:40 [notice] 29#29: exiting
2025/01/31 23:38:40 [notice] 29#29: exit
2025/01/31 23:38:40 [notice] 30#30: gracefully shutting down
2025/01/31 23:38:40 [notice] 31#31: gracefully shutting down
2025/01/31 23:38:40 [notice] 30#30: exiting
2025/01/31 23:38:40 [notice] 31#31: exiting
2025/01/31 23:38:40 [notice] 30#30: exit
2025/01/31 23:38:40 [notice] 31#31: exit
2025/01/31 23:38:40 [notice] 1#1: signal 17 (SIGCHLD) received from 24
2025/01/31 23:38:40 [notice] 1#1: worker process 24 exited with code 0
2025/01/31 23:38:40 [notice] 1#1: signal 29 (SIGIO) received
2025/01/31 23:38:40 [notice] 1#1: signal 17 (SIGCHLD) received from 22
2025/01/31 23:38:40 [notice] 1#1: worker process 22 exited with code 0
2025/01/31 23:38:40 [notice] 1#1: signal 29 (SIGIO) received
2025/01/31 23:38:40 [notice] 1#1: signal 17 (SIGCHLD) received from 29
2025/01/31 23:38:40 [notice] 1#1: worker process 29 exited with code 0
2025/01/31 23:38:40 [notice] 1#1: signal 29 (SIGIO) received
2025/01/31 23:38:40 [notice] 1#1: signal 17 (SIGCHLD) received from 31
2025/01/31 23:38:40 [notice] 1#1: worker process 31 exited with code 0
2025/01/31 23:38:40 [notice] 1#1: signal 29 (SIGIO) received
2025/01/31 23:38:40 [notice] 1#1: signal 17 (SIGCHLD) received from 30
2025/01/31 23:38:40 [notice] 1#1: worker process 21 exited with code 0
2025/01/31 23:38:40 [notice] 1#1: worker process 30 exited with code 0
2025/01/31 23:38:40 [notice] 1#1: signal 29 (SIGIO) received
2025/01/31 23:38:40 [notice] 1#1: signal 17 (SIGCHLD) received from 25
2025/01/31 23:38:40 [notice] 1#1: worker process 25 exited with code 0
2025/01/31 23:38:40 [notice] 1#1: worker process 27 exited with code 0
2025/01/31 23:38:40 [notice] 1#1: signal 29 (SIGIO) received
2025/01/31 23:38:40 [notice] 1#1: signal 17 (SIGCHLD) received from 20
2025/01/31 23:38:40 [notice] 1#1: worker process 20 exited with code 0
2025/01/31 23:38:40 [notice] 1#1: worker process 23 exited with code 0
2025/01/31 23:38:40 [notice] 1#1: signal 29 (SIGIO) received
2025/01/31 23:38:40 [notice] 1#1: signal 17 (SIGCHLD) received from 23
2025/01/31 23:38:40 [notice] 1#1: signal 17 (SIGCHLD) received from 28
2025/01/31 23:38:40 [notice] 1#1: worker process 28 exited with code 0
2025/01/31 23:38:40 [notice] 1#1: signal 29 (SIGIO) received
2025/01/31 23:38:40 [notice] 1#1: signal 17 (SIGCHLD) received from 26
2025/01/31 23:38:40 [notice] 1#1: worker process 26 exited with code 0
2025/01/31 23:38:40 [notice] 1#1: exit
2025/01/31 23:41:04 [notice] 1#1: using the "epoll" event method
2025/01/31 23:41:04 [notice] 1#1: nginx/1.26.2
2025/01/31 23:41:04 [notice] 1#1: built by gcc 13.2.1 20240309 (Alpine 13.2.1_git20240309) 
2025/01/31 23:41:04 [notice] 1#1: OS: Linux 6.9.3-76060903-generic
2025/01/31 23:41:04 [notice] 1#1: getrlimit(RLIMIT_NOFILE): 1048576:1048576
2025/01/31 23:41:04 [notice] 1#1: start worker processes
2025/01/31 23:41:04 [notice] 1#1: start worker process 20
2025/01/31 23:41:04 [notice] 1#1: start worker process 21
2025/01/31 23:41:04 [notice] 1#1: start worker process 22
2025/01/31 23:41:04 [notice] 1#1: start worker process 23
2025/01/31 23:41:04 [notice] 1#1: start worker process 24
2025/01/31 23:41:04 [notice] 1#1: start worker process 25
2025/01/31 23:41:04 [notice] 1#1: start worker process 26
2025/01/31 23:41:04 [notice] 1#1: start worker process 27
2025/01/31 23:41:04 [notice] 1#1: start worker process 28
2025/01/31 23:41:04 [notice] 1#1: start worker process 29
2025/01/31 23:41:04 [notice] 1#1: start worker process 30
2025/01/31 23:41:04 [notice] 1#1: start worker process 31
